FactId,FACTName,BussinessApp,VeracodeApp,VeracodeTEAMSName,SonarAppName,Technology,GitRepo,DeploymentType,ENV_Props_Folder,Environment,JobType,ArtifactoryUploadPath,GitBranch,server,credential
FACT0804,EAS1,TFS-Mule-APIs-Connected-Analytics-Services  ,Not required,Not required,,Mulesoft,https://github.tfs.toyota.com/EAS-Channel-Access-Services/TFS-Mule-APIs-Connected-Analytics-Services.git,Jar,Dev,Dev,BUILD_DEPLOY,https://artifactory.tfs.toyota.com/artifactory/easc-maven-prod-local/artifacts/connected-analytics-services.jar,,AnyPoint,srv_easc_app
FACT0804,EAS1,TFS-Mule-APIs-Dealer-Lending-Services-1  ,Not required,Not required,,Mulesoft,https://github.tfs.toyota.com/EAS-Channel-Access-Services/TFS-Mule-APIs-Dealer-Lending-Services-1.git,Jar,,Dev,BUILD_DEPLOY,https://artifactory.tfs.toyota.com/artifactory/easc-maven-prod-local/artifacts/dealer-lending-services-1.jar,,AnyPoint,srv_easc_app
FACT0804,EAS1,TFS-Mule-APIs-Insurance-Next-Services  ,Not required,Not required,,Mulesoft,https://github.tfs.toyota.com/EAS-Channel-Access-Services/TFS-Mule-APIs-Insurance-Next-Services.git,Jar,,Dev,BUILD_DEPLOY,https://artifactory.tfs.toyota.com/artifactory/easc-maven-prod-local/artifacts/insurance-next-services.jar,,AnyPoint,srv_easc_app
FACT0804,EAS1,TFS-Mule-APIs-MazdaAPIservices  ,Not required,Not required,,Mulesoft,https://github.tfs.toyota.com/EAS-Channel-Access-Services/TFS-Mule-APIs-MazdaAPIservices.git,Jar,,Dev,BUILD_DEPLOY,https://artifactory.tfs.toyota.com/artifactory/easc-maven-prod-local/artifacts/mazdaapiservices.jar,,AnyPoint,srv_easc_app
FACT0804,EAS1,TFS-Mule-APIs-Salesforce-API-Services  ,Not required,Not required,,Mulesoft,https://github.tfs.toyota.com/EAS-Channel-Access-Services/TFS-Mule-APIs-Salesforce-API-Services.git,Jar,,Dev,BUILD_DEPLOY,https://artifactory.tfs.toyota.com/artifactory/easc-maven-prod-local/artifacts/salesforce-api-services.jar,,AnyPoint,srv_easc_app
FACT0804,EAS1,TFS-Mule-APIs-STA-TitleManagement-API-Services  ,Not required,Not required,,Mulesoft,https://github.tfs.toyota.com/EAS-Channel-Access-Services/TFS-Mule-APIs-STA-TitleManagement-API-Services.git,Jar,,Dev,BUILD_DEPLOY,https://artifactory.tfs.toyota.com/artifactory/easc-maven-prod-local/artifacts/sta-titlemanagement-api-services.jar,,AnyPoint,srv_easc_app
FACT0804,EAS1,TFS-Mule-APIs-UMVM-Vehicle-Attributes  ,Not required,Not required,,Mulesoft,https://github.tfs.toyota.com/EAS-Channel-Access-Services/TFS-Mule-APIs-UMVM-Vehicle-Attributes.git,Jar,,Dev,BUILD_DEPLOY,https://artifactory.tfs.toyota.com/artifactory/easc-maven-prod-local/artifacts/umvm-vehicle-attributes.jar,,AnyPoint,srv_easc_app
FACT0804,EAS1,TFS-MuleAPI-TFSB-CenlarService  ,Not required,Not required,,Mulesoft,https://github.tfs.toyota.com/EAS-Channel-Access-Services/TFS-MuleAPI-TFSB-CenlarService.git,Jar,,Dev,BUILD_DEPLOY,https://artifactory.tfs.toyota.com/artifactory/easc-maven-prod-local/artifacts/tfsb-cenlarservice.jar,,AnyPoint,srv_easc_app
FACT0804,EAS1,TFS-MuleAPIs-700Credit-Services-Proxy  ,Not required,Not required,,Mulesoft,https://github.tfs.toyota.com/EAS-Channel-Access-Services/TFS-MuleAPIs-700Credit-Services-Proxy.git,Jar,,Dev,BUILD_DEPLOY,https://artifactory.tfs.toyota.com/artifactory/easc-maven-prod-local/artifacts/700credit-services-proxy.jar,,AnyPoint,srv_easc_app
FACT0804,EAS1,TFS-MuleAPIs-Address-Cleansing  ,Not required,Not required,,Mulesoft,https://github.tfs.toyota.com/EAS-Channel-Access-Services/TFS-MuleAPIs-Address-Cleansing.git,Jar,,Dev,BUILD_DEPLOY,https://artifactory.tfs.toyota.com/artifactory/easc-maven-prod-local/artifacts/address-cleansing.jar,,AnyPoint,srv_easc_app
FACT0804,EAS1,TFS-MuleAPIs-Address-Cleansing-Proxy  ,Not required,Not required,,Mulesoft,https://github.tfs.toyota.com/EAS-Channel-Access-Services/TFS-MuleAPIs-Address-Cleansing-Proxy.git,Jar,,Dev,BUILD_DEPLOY,https://artifactory.tfs.toyota.com/artifactory/easc-maven-prod-local/artifacts/address-cleansing-proxy.jar,,AnyPoint,srv_easc_app
FACT0804,EAS1,TFS-MuleAPIs-AdobeDocumentServicesAPI  ,Not required,Not required,,Mulesoft,https://github.tfs.toyota.com/EAS-Channel-Access-Services/TFS-MuleAPIs-AdobeDocumentServicesAPI.git,Jar,,Dev,BUILD_DEPLOY,https://artifactory.tfs.toyota.com/artifactory/easc-maven-prod-local/artifacts/adobedocumentservicesapi.jar,,AnyPoint,srv_easc_app
FACT0804,EAS1,TFS-MuleAPIs-AdobeDocumentServicesProxy  ,Not required,Not required,,Mulesoft,https://github.tfs.toyota.com/EAS-Channel-Access-Services/TFS-MuleAPIs-AdobeDocumentServicesProxy.git,Jar,,Dev,BUILD_DEPLOY,https://artifactory.tfs.toyota.com/artifactory/easc-maven-prod-local/artifacts/adobedocumentservicesproxy.jar,,AnyPoint,srv_easc_app
FACT0804,EAS1,TFS-MuleAPIs-Adobeforms-service  ,Not required,Not required,,Mulesoft,https://github.tfs.toyota.com/EAS-Channel-Access-Services/TFS-MuleAPIs-Adobeforms-service.git,Jar,,Dev,BUILD_DEPLOY,https://artifactory.tfs.toyota.com/artifactory/easc-maven-prod-local/artifacts/adobeforms-service.jar,,AnyPoint,srv_easc_app
FACT0804,EAS1,TFS-MuleAPIs-AEMProducts  ,Not required,Not required,,Mulesoft,https://github.tfs.toyota.com/EAS-Channel-Access-Services/TFS-MuleAPIs-AEMProducts.git,Jar,,Dev,BUILD_DEPLOY,https://artifactory.tfs.toyota.com/artifactory/easc-maven-prod-local/artifacts/aemproducts.jar,,AnyPoint,srv_easc_app
FACT0804,EAS1,TFS-MuleAPIs-ALM-DealerDirect-Services  ,Not required,Not required,,Mulesoft,https://github.tfs.toyota.com/EAS-Channel-Access-Services/TFS-MuleAPIs-ALM-DealerDirect-Services.git,Jar,,Dev,BUILD_DEPLOY,https://artifactory.tfs.toyota.com/artifactory/easc-maven-prod-local/artifacts/alm-dealerdirect-services.jar,,AnyPoint,srv_easc_app
FACT0804,EAS1,TFS-MuleAPIs-API-Analytics  ,Not required,Not required,,Mulesoft,https://github.tfs.toyota.com/EAS-Channel-Access-Services/TFS-MuleAPIs-API-Analytics.git,Jar,,Dev,BUILD_DEPLOY,https://artifactory.tfs.toyota.com/artifactory/easc-maven-prod-local/artifacts/api-analytics.jar,,AnyPoint,srv_easc_app
FACT0804,EAS1,TFS-MuleAPIs-API-CustomerDeals  ,Not required,Not required,,Mulesoft,https://github.tfs.toyota.com/EAS-Channel-Access-Services/TFS-MuleAPIs-API-CustomerDeals.git,Jar,,Dev,BUILD_DEPLOY,https://artifactory.tfs.toyota.com/artifactory/easc-maven-prod-local/artifacts/api-customerdeals.jar,,AnyPoint,srv_easc_app
FACT0804,EAS1,TFS-MuleAPIs-API-SFDCAuthentication  ,Not required,Not required,,Mulesoft,https://github.tfs.toyota.com/EAS-Channel-Access-Services/TFS-MuleAPIs-API-SFDCAuthentication.git,Jar,,Dev,BUILD_DEPLOY,https://artifactory.tfs.toyota.com/artifactory/easc-maven-prod-local/artifacts/api-sfdcauthentication.jar,,AnyPoint,srv_easc_app
FACT0804,EAS1,TFS-MuleAPIs-APIGW-OAuth-Router  ,Not required,Not required,,Mulesoft,https://github.tfs.toyota.com/EAS-Channel-Access-Services/TFS-MuleAPIs-APIGW-OAuth-Router.git,Jar,,Dev,BUILD_DEPLOY,https://artifactory.tfs.toyota.com/artifactory/easc-maven-prod-local/artifacts/apigw-oauth-router.jar,,AnyPoint,srv_easc_app
FACT0804,EAS1,TFS-MuleAPIs-APIGW-Router  ,Not required,Not required,,Mulesoft,https://github.tfs.toyota.com/EAS-Channel-Access-Services/TFS-MuleAPIs-APIGW-Router.git,Jar,,Dev,BUILD_DEPLOY,https://artifactory.tfs.toyota.com/artifactory/easc-maven-prod-local/artifacts/apigw-router.jar,,AnyPoint,srv_easc_app
FACT0804,EAS1,TFS-MuleAPIs-ASPInspectionServices  ,Not required,Not required,,Mulesoft,https://github.tfs.toyota.com/EAS-Channel-Access-Services/TFS-MuleAPIs-ASPInspectionServices.git,Jar,,Dev,BUILD_DEPLOY,https://artifactory.tfs.toyota.com/artifactory/easc-maven-prod-local/artifacts/aspinspectionservices.jar,,AnyPoint,srv_easc_app
FACT0804,EAS1,TFS-MuleAPIs-ASPInspectionServices-Proxy  ,Not required,Not required,,Mulesoft,https://github.tfs.toyota.com/EAS-Channel-Access-Services/TFS-MuleAPIs-ASPInspectionServices-Proxy.git,Jar,,Dev,BUILD_DEPLOY,https://artifactory.tfs.toyota.com/artifactory/easc-maven-prod-local/artifacts/aspinspectionservices-proxy.jar,,AnyPoint,srv_easc_app
FACT0804,EAS1,TFS-MuleAPIs-ASPmLogic-Services  ,Not required,Not required,,Mulesoft,https://github.tfs.toyota.com/EAS-Channel-Access-Services/TFS-MuleAPIs-ASPmLogic-Services.git,Jar,,Dev,BUILD_DEPLOY,https://artifactory.tfs.toyota.com/artifactory/easc-maven-prod-local/artifacts/aspmlogic-services.jar,,AnyPoint,srv_easc_app
FACT0804,EAS1,TFS-MuleAPIs-ASPrunbuggy-Services  ,Not required,Not required,,Mulesoft,https://github.tfs.toyota.com/EAS-Channel-Access-Services/TFS-MuleAPIs-ASPrunbuggy-Services.git,Jar,,Dev,BUILD_DEPLOY,https://artifactory.tfs.toyota.com/artifactory/easc-maven-prod-local/artifacts/asprunbuggy-services.jar,,AnyPoint,srv_easc_app
FACT0804,EAS1,TFS-MuleAPIs-Asset-Management-Services  ,Not required,Not required,,Mulesoft,https://github.tfs.toyota.com/EAS-Channel-Access-Services/TFS-MuleAPIs-Asset-Management-Services.git,Jar,,Dev,BUILD_DEPLOY,https://artifactory.tfs.toyota.com/artifactory/easc-maven-prod-local/artifacts/asset-management-services.jar,,AnyPoint,srv_easc_app
FACT0804,EAS1,TFS-MuleAPIs-ATOM_MarketData-proxy  ,Not required,Not required,,Mulesoft,https://github.tfs.toyota.com/EAS-Channel-Access-Services/TFS-MuleAPIs-ATOM_MarketData-proxy.git,Jar,,Dev,BUILD_DEPLOY,https://artifactory.tfs.toyota.com/artifactory/easc-maven-prod-local/artifacts/atom-marketdata-proxy.jar,,AnyPoint,srv_easc_app
FACT0804,EAS1,TFS-MuleAPIs-AuctionSalesPlatform  ,Not required,Not required,,Mulesoft,https://github.tfs.toyota.com/EAS-Channel-Access-Services/TFS-MuleAPIs-AuctionSalesPlatform.git,Jar,,Dev,BUILD_DEPLOY,https://artifactory.tfs.toyota.com/artifactory/easc-maven-prod-local/artifacts/auctionsalesplatform.jar,,AnyPoint,srv_easc_app
FACT0804,EAS1,TFS-MuleAPIs-AuthorizedParties  ,Not required,Not required,,Mulesoft,https://github.tfs.toyota.com/EAS-Channel-Access-Services/TFS-MuleAPIs-AuthorizedParties.git,Jar,,Dev,BUILD_DEPLOY,https://artifactory.tfs.toyota.com/artifactory/easc-maven-prod-local/artifacts/authorizedparties.jar,,AnyPoint,srv_easc_app
FACT0804,EAS1,TFS-MuleAPIs-authorizedparties-proxy  ,Not required,Not required,,Mulesoft,https://github.tfs.toyota.com/EAS-Channel-Access-Services/TFS-MuleAPIs-authorizedparties-proxy.git,Jar,,Dev,BUILD_DEPLOY,https://artifactory.tfs.toyota.com/artifactory/easc-maven-prod-local/artifacts/authorizedparties-proxy.jar,,AnyPoint,srv_easc_app
FACT0804,EAS1,TFS-MuleAPIs-Authorizedparty  ,Not required,Not required,,Mulesoft,https://github.tfs.toyota.com/EAS-Channel-Access-Services/TFS-MuleAPIs-Authorizedparty.git,Jar,,Dev,BUILD_DEPLOY,https://artifactory.tfs.toyota.com/artifactory/easc-maven-prod-local/artifacts/authorizedparty.jar,,AnyPoint,srv_easc_app
FACT0804,EAS1,TFS-MuleAPIs-AutoIMS-Services  ,Not required,Not required,,Mulesoft,https://github.tfs.toyota.com/EAS-Channel-Access-Services/TFS-MuleAPIs-AutoIMS-Services.git,Jar,,Dev,BUILD_DEPLOY,https://artifactory.tfs.toyota.com/artifactory/easc-maven-prod-local/artifacts/autoims-services.jar,,AnyPoint,srv_easc_app
FACT0804,EAS1,TFS-MuleAPIs-AutoLendingServices  ,Not required,Not required,,Mulesoft,https://github.tfs.toyota.com/EAS-Channel-Access-Services/TFS-MuleAPIs-AutoLendingServices.git,Jar,,Dev,BUILD_DEPLOY,https://artifactory.tfs.toyota.com/artifactory/easc-maven-prod-local/artifacts/autolendingservices.jar,,AnyPoint,srv_easc_app
FACT0804,EAS1,TFS-MuleAPIs-AutovinInspection-Services  ,Not required,Not required,,Mulesoft,https://github.tfs.toyota.com/EAS-Channel-Access-Services/TFS-MuleAPIs-AutovinInspection-Services.git,Jar,,Dev,BUILD_DEPLOY,https://artifactory.tfs.toyota.com/artifactory/easc-maven-prod-local/artifacts/autovininspection-services.jar,,AnyPoint,srv_easc_app
FACT0804,EAS1,TFS-MuleAPIs-BasicAuth  ,Not required,Not required,,Mulesoft,https://github.tfs.toyota.com/EAS-Channel-Access-Services/TFS-MuleAPIs-BasicAuth.git,Jar,,Dev,BUILD_DEPLOY,https://artifactory.tfs.toyota.com/artifactory/easc-maven-prod-local/artifacts/basicauth.jar,,AnyPoint,srv_easc_app
FACT0804,EAS1,TFS-MuleAPIs-BOFA_Services  ,Not required,Not required,,Mulesoft,https://github.tfs.toyota.com/EAS-Channel-Access-Services/TFS-MuleAPIs-BOFA_Services.git,Jar,,Dev,BUILD_DEPLOY,https://artifactory.tfs.toyota.com/artifactory/easc-maven-prod-local/artifacts/bofa-services.jar,,AnyPoint,srv_easc_app
FACT0804,EAS1,TFS-MuleAPIs-BookingServices-1  ,Not required,Not required,,Mulesoft,https://github.tfs.toyota.com/EAS-Channel-Access-Services/TFS-MuleAPIs-BookingServices-1.git,Jar,,Dev,BUILD_DEPLOY,https://artifactory.tfs.toyota.com/artifactory/easc-maven-prod-local/artifacts/bookingservices-1.jar,,AnyPoint,srv_easc_app
FACT0804,EAS1,TFS-MuleAPIs-BookingServices-2  ,Not required,Not required,,Mulesoft,https://github.tfs.toyota.com/EAS-Channel-Access-Services/TFS-MuleAPIs-BookingServices-2.git,Jar,,Dev,BUILD_DEPLOY,https://artifactory.tfs.toyota.com/artifactory/easc-maven-prod-local/artifacts/bookingservices-2.jar,,AnyPoint,srv_easc_app
FACT0804,EAS1,TFS-MuleAPIs-CampaignServices  ,Not required,Not required,,Mulesoft,https://github.tfs.toyota.com/EAS-Channel-Access-Services/TFS-MuleAPIs-CampaignServices.git,Jar,,Dev,BUILD_DEPLOY,https://artifactory.tfs.toyota.com/artifactory/easc-maven-prod-local/artifacts/campaignservices.jar,,AnyPoint,srv_easc_app
FACT0804,EAS1,TFS-MuleAPIs-Carleton-Tax-and-Fee  ,Not required,Not required,,Mulesoft,https://github.tfs.toyota.com/EAS-Channel-Access-Services/TFS-MuleAPIs-Carleton-Tax-and-Fee.git,Jar,,Dev,BUILD_DEPLOY,https://artifactory.tfs.toyota.com/artifactory/easc-maven-prod-local/artifacts/carleton-tax-and-fee.jar,,AnyPoint,srv_easc_app
FACT0804,EAS1,TFS-MuleAPIs-CASCustomerProfileProxy  ,Not required,Not required,,Mulesoft,https://github.tfs.toyota.com/EAS-Channel-Access-Services/TFS-MuleAPIs-CASCustomerProfileProxy.git,Jar,,Dev,BUILD_DEPLOY,https://artifactory.tfs.toyota.com/artifactory/easc-maven-prod-local/artifacts/cascustomerprofileproxy.jar,,AnyPoint,srv_easc_app
FACT0804,EAS1,TFS-MuleAPIs-CCPA-CDARServices-Proxy  ,Not required,Not required,,Mulesoft,https://github.tfs.toyota.com/EAS-Channel-Access-Services/TFS-MuleAPIs-CCPA-CDARServices-Proxy.git,Jar,,Dev,BUILD_DEPLOY,https://artifactory.tfs.toyota.com/artifactory/easc-maven-prod-local/artifacts/ccpa-cdarservices-proxy.jar,,AnyPoint,srv_easc_app
FACT0804,EAS1,TFS-MuleAPIs-CCPA-Customer-Initial-Request  ,Not required,Not required,,Mulesoft,https://github.tfs.toyota.com/EAS-Channel-Access-Services/TFS-MuleAPIs-CCPA-Customer-Initial-Request.git,Jar,,Dev,BUILD_DEPLOY,https://artifactory.tfs.toyota.com/artifactory/easc-maven-prod-local/artifacts/ccpa-customer-initial-request.jar,,AnyPoint,srv_easc_app
FACT0804,EAS1,TFS-MuleAPIs-CCPA-customer-insurance-disclosure-initiation  ,Not required,Not required,,Mulesoft,https://github.tfs.toyota.com/EAS-Channel-Access-Services/TFS-MuleAPIs-CCPA-customer-insurance-disclosure-initiation.git,Jar,,Dev,BUILD_DEPLOY,https://artifactory.tfs.toyota.com/artifactory/easc-maven-prod-local/artifacts/ccpa-customer-insurance-disclosure-initiation.jar,,AnyPoint,srv_easc_app
FACT0804,EAS1,TFS-MuleAPIs-CCPA-DataFulfillmentService-Proxy  ,Not required,Not required,,Mulesoft,https://github.tfs.toyota.com/EAS-Channel-Access-Services/TFS-MuleAPIs-CCPA-DataFulfillmentService-Proxy.git,Jar,,Dev,BUILD_DEPLOY,https://artifactory.tfs.toyota.com/artifactory/easc-maven-prod-local/artifacts/ccpa-datafulfillmentservice-proxy.jar,,AnyPoint,srv_easc_app
FACT0804,EAS1,TFS-MuleAPIs-CCPA-ReportService-Proxy  ,Not required,Not required,,Mulesoft,https://github.tfs.toyota.com/EAS-Channel-Access-Services/TFS-MuleAPIs-CCPA-ReportService-Proxy.git,Jar,,Dev,BUILD_DEPLOY,https://artifactory.tfs.toyota.com/artifactory/easc-maven-prod-local/artifacts/ccpa-reportservice-proxy.jar,,AnyPoint,srv_easc_app
FACT0804,EAS1,TFS-MuleAPIs-CDAR-CustomerDataFullfillment  ,Not required,Not required,,Mulesoft,https://github.tfs.toyota.com/EAS-Channel-Access-Services/TFS-MuleAPIs-CDAR-CustomerDataFullfillment.git,Jar,,Dev,BUILD_DEPLOY,https://artifactory.tfs.toyota.com/artifactory/easc-maven-prod-local/artifacts/cdar-customerdatafullfillment.jar,,AnyPoint,srv_easc_app
FACT0804,EAS1,TFS-MuleAPIs-ChromeRiverServices  ,Not required,Not required,,Mulesoft,https://github.tfs.toyota.com/EAS-Channel-Access-Services/TFS-MuleAPIs-ChromeRiverServices.git,Jar,,Dev,BUILD_DEPLOY,https://artifactory.tfs.toyota.com/artifactory/easc-maven-prod-local/artifacts/chromeriverservices.jar,,AnyPoint,srv_easc_app
FACT0804,EAS1,TFS-MuleAPIs-CITI-KUBRA-PAYMENT  ,Not required,Not required,,Mulesoft,https://github.tfs.toyota.com/EAS-Channel-Access-Services/TFS-MuleAPIs-CITI-KUBRA-PAYMENT.git,Jar,,Dev,BUILD_DEPLOY,https://artifactory.tfs.toyota.com/artifactory/easc-maven-prod-local/artifacts/citi-kubra-payment.jar,,AnyPoint,srv_easc_app
FACT0804,EAS1,TFS-MuleAPIs-CITI-PaymentHistory  ,Not required,Not required,,Mulesoft,https://github.tfs.toyota.com/EAS-Channel-Access-Services/TFS-MuleAPIs-CITI-PaymentHistory.git,Jar,,Dev,BUILD_DEPLOY,https://artifactory.tfs.toyota.com/artifactory/easc-maven-prod-local/artifacts/citi-paymenthistory.jar,,AnyPoint,srv_easc_app
FACT0804,EAS1,TFS-MuleAPIs-CITI_Kubra_Authentication  ,Not required,Not required,,Mulesoft,https://github.tfs.toyota.com/EAS-Channel-Access-Services/TFS-MuleAPIs-CITI_Kubra_Authentication.git,Jar,,Dev,BUILD_DEPLOY,https://artifactory.tfs.toyota.com/artifactory/easc-maven-prod-local/artifacts/citi-kubra-authentication.jar,,AnyPoint,srv_easc_app
FACT0804,EAS1,TFS-MuleAPIs-CitiKubraServices  ,Not required,Not required,,Mulesoft,https://github.tfs.toyota.com/EAS-Channel-Access-Services/TFS-MuleAPIs-CitiKubraServices.git,Jar,,Dev,BUILD_DEPLOY,https://artifactory.tfs.toyota.com/artifactory/easc-maven-prod-local/artifacts/citikubraservices.jar,,AnyPoint,srv_easc_app
FACT0804,EAS1,TFS-MuleAPIs-claim-creation-service  ,Not required,Not required,,Mulesoft,https://github.tfs.toyota.com/EAS-Channel-Access-Services/TFS-MuleAPIs-claim-creation-service.git,Jar,,Dev,BUILD_DEPLOY,https://artifactory.tfs.toyota.com/artifactory/easc-maven-prod-local/artifacts/claim-creation-service.jar,,AnyPoint,srv_easc_app
FACT0804,EAS1,TFS-MuleAPIs-CMIS-DocumentLake-Services  ,Not required,Not required,,Mulesoft,https://github.tfs.toyota.com/EAS-Channel-Access-Services/TFS-MuleAPIs-CMIS-DocumentLake-Services.git,Jar,,Dev,BUILD_DEPLOY,https://artifactory.tfs.toyota.com/artifactory/easc-maven-prod-local/artifacts/cmis-documentlake-services.jar,,AnyPoint,srv_easc_app
FACT0804,EAS1,TFS-MuleAPIs-Communication-Services  ,Not required,Not required,,Mulesoft,https://github.tfs.toyota.com/EAS-Channel-Access-Services/TFS-MuleAPIs-Communication-Services.git,Jar,,Dev,BUILD_DEPLOY,https://artifactory.tfs.toyota.com/artifactory/easc-maven-prod-local/artifacts/communication-services.jar,,AnyPoint,srv_easc_app
FACT0804,EAS1,TFS-MuleAPIs-Consumer-Account-Management-Services  ,Not required,Not required,,Mulesoft,https://github.tfs.toyota.com/EAS-Channel-Access-Services/TFS-MuleAPIs-Consumer-Account-Management-Services.git,Jar,,Dev,BUILD_DEPLOY,https://artifactory.tfs.toyota.com/artifactory/easc-maven-prod-local/artifacts/consumer-account-management-services.jar,,AnyPoint,srv_easc_app
FACT0804,EAS1,TFS-MuleAPIs-ConsumerAccessManagement  ,Not required,Not required,,Mulesoft,https://github.tfs.toyota.com/EAS-Channel-Access-Services/TFS-MuleAPIs-ConsumerAccessManagement.git,Jar,,Dev,BUILD_DEPLOY,https://artifactory.tfs.toyota.com/artifactory/easc-maven-prod-local/artifacts/consumeraccessmanagement.jar,,AnyPoint,srv_easc_app
FACT0804,EAS1,TFS-MuleAPIs-ConsumerIdentity-Services  ,Not required,Not required,,Mulesoft,https://github.tfs.toyota.com/EAS-Channel-Access-Services/TFS-MuleAPIs-ConsumerIdentity-Services.git,Jar,,Dev,BUILD_DEPLOY,https://artifactory.tfs.toyota.com/artifactory/easc-maven-prod-local/artifacts/consumeridentity-services.jar,,AnyPoint,srv_easc_app
FACT0804,EAS1,TFS-MuleAPIs-ConsumerLease-Deferral-1  ,Not required,Not required,,Mulesoft,https://github.tfs.toyota.com/EAS-Channel-Access-Services/TFS-MuleAPIs-ConsumerLease-Deferral-1.git,Jar,,Dev,BUILD_DEPLOY,https://artifactory.tfs.toyota.com/artifactory/easc-maven-prod-local/artifacts/consumerlease-deferral-1.jar,,AnyPoint,srv_easc_app
FACT0804,EAS1,TFS-MuleAPIs-ConsumerLease-Deferral-2  ,Not required,Not required,,Mulesoft,https://github.tfs.toyota.com/EAS-Channel-Access-Services/TFS-MuleAPIs-ConsumerLease-Deferral-2.git,Jar,,Dev,BUILD_DEPLOY,https://artifactory.tfs.toyota.com/artifactory/easc-maven-prod-local/artifacts/consumerlease-deferral-2.jar,,AnyPoint,srv_easc_app
FACT0804,EAS1,TFS-MuleAPIs-ConsumerLeaseTerming-Proxy  ,Not required,Not required,,Mulesoft,https://github.tfs.toyota.com/EAS-Channel-Access-Services/TFS-MuleAPIs-ConsumerLeaseTerming-Proxy.git,Jar,,Dev,BUILD_DEPLOY,https://artifactory.tfs.toyota.com/artifactory/easc-maven-prod-local/artifacts/consumerleaseterming-proxy.jar,,AnyPoint,srv_easc_app
FACT0804,EAS1,TFS-MuleAPIs-ConsumerLoginServices  ,Not required,Not required,,Mulesoft,https://github.tfs.toyota.com/EAS-Channel-Access-Services/TFS-MuleAPIs-ConsumerLoginServices.git,Jar,,Dev,BUILD_DEPLOY,https://artifactory.tfs.toyota.com/artifactory/easc-maven-prod-local/artifacts/consumerloginservices.jar,,AnyPoint,srv_easc_app
FACT0804,EAS1,TFS-MuleAPIs-core-services  ,Not required,Not required,,Mulesoft,https://github.tfs.toyota.com/EAS-Channel-Access-Services/TFS-MuleAPIs-core-services.git,Jar,,Dev,BUILD_DEPLOY,https://artifactory.tfs.toyota.com/artifactory/easc-maven-prod-local/artifacts/core-services.jar,,AnyPoint,srv_easc_app
FACT0804,EAS1,TFS-MuleAPIs-CoupaProcurement-proxy  ,Not required,Not required,,Mulesoft,https://github.tfs.toyota.com/EAS-Channel-Access-Services/TFS-MuleAPIs-CoupaProcurement-proxy.git,Jar,,Dev,BUILD_DEPLOY,https://artifactory.tfs.toyota.com/artifactory/easc-maven-prod-local/artifacts/coupaprocurement-proxy.jar,,AnyPoint,srv_easc_app
FACT0804,EAS1,TFS-MuleAPIs-CreditAppDecision  ,Not required,Not required,,Mulesoft,https://github.tfs.toyota.com/EAS-Channel-Access-Services/TFS-MuleAPIs-CreditAppDecision.git,Jar,,Dev,BUILD_DEPLOY,https://artifactory.tfs.toyota.com/artifactory/easc-maven-prod-local/artifacts/creditappdecision.jar,,AnyPoint,srv_easc_app
FACT0804,EAS1,TFS-MuleAPIs-Customer-AddressAbbreviation-proxy  ,Not required,Not required,,Mulesoft,https://github.tfs.toyota.com/EAS-Channel-Access-Services/TFS-MuleAPIs-Customer-AddressAbbreviation-proxy.git,Jar,,Dev,BUILD_DEPLOY,https://artifactory.tfs.toyota.com/artifactory/easc-maven-prod-local/artifacts/customer-addressabbreviation-proxy.jar,,AnyPoint,srv_easc_app
FACT0804,EAS1,TFS-MuleAPIs-Customer-CreditDecision  ,Not required,Not required,,Mulesoft,https://github.tfs.toyota.com/EAS-Channel-Access-Services/TFS-MuleAPIs-Customer-CreditDecision.git,Jar,,Dev,BUILD_DEPLOY,https://artifactory.tfs.toyota.com/artifactory/easc-maven-prod-local/artifacts/customer-creditdecision.jar,,AnyPoint,srv_easc_app
FACT0804,EAS1,TFS-MuleAPIs-Customer-Eligible-Offers-Proxy  ,Not required,Not required,,Mulesoft,https://github.tfs.toyota.com/EAS-Channel-Access-Services/TFS-MuleAPIs-Customer-Eligible-Offers-Proxy.git,Jar,,Dev,BUILD_DEPLOY,https://artifactory.tfs.toyota.com/artifactory/easc-maven-prod-local/artifacts/customer-eligible-offers-proxy.jar,,AnyPoint,srv_easc_app
FACT0804,EAS1,TFS-MuleAPIs-Customer-OneTrust-Enrichment-Services-Proxy  ,Not required,Not required,,Mulesoft,https://github.tfs.toyota.com/EAS-Channel-Access-Services/TFS-MuleAPIs-Customer-OneTrust-Enrichment-Services-Proxy.git,Jar,,Dev,BUILD_DEPLOY,https://artifactory.tfs.toyota.com/artifactory/easc-maven-prod-local/artifacts/customer-onetrust-enrichment-services-proxy.jar,,AnyPoint,srv_easc_app
FACT0804,EAS1,TFS-MuleAPIs-Customer-ServiceRequestCreation-proxy  ,Not required,Not required,,Mulesoft,https://github.tfs.toyota.com/EAS-Channel-Access-Services/TFS-MuleAPIs-Customer-ServiceRequestCreation-proxy.git,Jar,,Dev,BUILD_DEPLOY,https://artifactory.tfs.toyota.com/artifactory/easc-maven-prod-local/artifacts/customer-servicerequestcreation-proxy.jar,,AnyPoint,srv_easc_app
FACT0804,EAS1,TFS-MuleAPIs-CustomerAccountDocuments  ,Not required,Not required,,Mulesoft,https://github.tfs.toyota.com/EAS-Channel-Access-Services/TFS-MuleAPIs-CustomerAccountDocuments.git,Jar,,Dev,BUILD_DEPLOY,https://artifactory.tfs.toyota.com/artifactory/easc-maven-prod-local/artifacts/customeraccountdocuments.jar,,AnyPoint,srv_easc_app
FACT0804,EAS1,TFS-MuleAPIs-CustomerAccountPayments  ,Not required,Not required,,Mulesoft,https://github.tfs.toyota.com/EAS-Channel-Access-Services/TFS-MuleAPIs-CustomerAccountPayments.git,Jar,,Dev,BUILD_DEPLOY,https://artifactory.tfs.toyota.com/artifactory/easc-maven-prod-local/artifacts/customeraccountpayments.jar,,AnyPoint,srv_easc_app
FACT0804,EAS1,TFS-MuleAPIs-CustomerActivityCaseCreation  ,Not required,Not required,,Mulesoft,https://github.tfs.toyota.com/EAS-Channel-Access-Services/TFS-MuleAPIs-CustomerActivityCaseCreation.git,Jar,,Dev,BUILD_DEPLOY,https://artifactory.tfs.toyota.com/artifactory/easc-maven-prod-local/artifacts/customeractivitycasecreation.jar,,AnyPoint,srv_easc_app
FACT0804,EAS1,TFS-MuleAPIs-CustomerDataFullfillment_TMIS  ,Not required,Not required,,Mulesoft,https://github.tfs.toyota.com/EAS-Channel-Access-Services/TFS-MuleAPIs-CustomerDataFullfillment_TMIS.git,Jar,,Dev,BUILD_DEPLOY,https://artifactory.tfs.toyota.com/artifactory/easc-maven-prod-local/artifacts/customerdatafullfillment-tmis.jar,,AnyPoint,srv_easc_app
FACT0804,EAS1,TFS-MuleAPIs-CustomerEligibilityCheck  ,Not required,Not required,,Mulesoft,https://github.tfs.toyota.com/EAS-Channel-Access-Services/TFS-MuleAPIs-CustomerEligibilityCheck.git,Jar,,Dev,BUILD_DEPLOY,https://artifactory.tfs.toyota.com/artifactory/easc-maven-prod-local/artifacts/customereligibilitycheck.jar,,AnyPoint,srv_easc_app
FACT0804,EAS1,TFS-MuleAPIs-CustomerLeaseTerming-1  ,Not required,Not required,,Mulesoft,https://github.tfs.toyota.com/EAS-Channel-Access-Services/TFS-MuleAPIs-CustomerLeaseTerming-1.git,Jar,,Dev,BUILD_DEPLOY,https://artifactory.tfs.toyota.com/artifactory/easc-maven-prod-local/artifacts/customerleaseterming-1.jar,,AnyPoint,srv_easc_app
FACT0804,EAS1,TFS-MuleAPIs-CustomerLeaseTerming-2  ,Not required,Not required,,Mulesoft,https://github.tfs.toyota.com/EAS-Channel-Access-Services/TFS-MuleAPIs-CustomerLeaseTerming-2.git,Jar,,Dev,BUILD_DEPLOY,https://artifactory.tfs.toyota.com/artifactory/easc-maven-prod-local/artifacts/customerleaseterming-2.jar,,AnyPoint,srv_easc_app
FACT0804,EAS1,TFS-MuleAPIs-CustomerLeaseTerming-Sys-Proxy  ,Not required,Not required,,Mulesoft,https://github.tfs.toyota.com/EAS-Channel-Access-Services/TFS-MuleAPIs-CustomerLeaseTerming-Sys-Proxy.git,Jar,,Dev,BUILD_DEPLOY,https://artifactory.tfs.toyota.com/artifactory/easc-maven-prod-local/artifacts/customerleaseterming-sys-proxy.jar,,AnyPoint,srv_easc_app
FACT0804,EAS1,TFS-MuleAPIs-CustomerPartyServices  ,Not required,Not required,,Mulesoft,https://github.tfs.toyota.com/EAS-Channel-Access-Services/TFS-MuleAPIs-CustomerPartyServices.git,Jar,,Dev,BUILD_DEPLOY,https://artifactory.tfs.toyota.com/artifactory/easc-maven-prod-local/artifacts/customerpartyservices.jar,,AnyPoint,srv_easc_app
FACT0804,EAS1,TFS-MuleAPIs-CustomerPaymentNotifications  ,Not required,Not required,,Mulesoft,https://github.tfs.toyota.com/EAS-Channel-Access-Services/TFS-MuleAPIs-CustomerPaymentNotifications.git,Jar,,Dev,BUILD_DEPLOY,https://artifactory.tfs.toyota.com/artifactory/easc-maven-prod-local/artifacts/customerpaymentnotifications.jar,,AnyPoint,srv_easc_app
FACT0804,EAS1,TFS-MuleAPIs-CustomerPayments  ,Not required,Not required,,Mulesoft,https://github.tfs.toyota.com/EAS-Channel-Access-Services/TFS-MuleAPIs-CustomerPayments.git,Jar,,Dev,BUILD_DEPLOY,https://artifactory.tfs.toyota.com/artifactory/easc-maven-prod-local/artifacts/customerpayments.jar,,AnyPoint,srv_easc_app
FACT0804,EAS1,TFS-MuleAPIs-CustomerPaymentTransactionHistory  ,Not required,Not required,,Mulesoft,https://github.tfs.toyota.com/EAS-Channel-Access-Services/TFS-MuleAPIs-CustomerPaymentTransactionHistory.git,Jar,,Dev,BUILD_DEPLOY,https://artifactory.tfs.toyota.com/artifactory/easc-maven-prod-local/artifacts/customerpaymenttransactionhistory.jar,,AnyPoint,srv_easc_app
FACT0804,EAS1,TFS-MuleAPIs-CustVehicleAcctServices  ,Not required,Not required,,Mulesoft,https://github.tfs.toyota.com/EAS-Channel-Access-Services/TFS-MuleAPIs-CustVehicleAcctServices.git,Jar,,Dev,BUILD_DEPLOY,https://artifactory.tfs.toyota.com/artifactory/easc-maven-prod-local/artifacts/custvehicleacctservices.jar,,AnyPoint,srv_easc_app
FACT0804,EAS1,TFS-MuleAPIs-Data-Ingestion-Services  ,Not required,Not required,,Mulesoft,https://github.tfs.toyota.com/EAS-Channel-Access-Services/TFS-MuleAPIs-Data-Ingestion-Services.git,Jar,,Dev,BUILD_DEPLOY,https://artifactory.tfs.toyota.com/artifactory/easc-maven-prod-local/artifacts/data-ingestion-services.jar,,AnyPoint,srv_easc_app
FACT0804,EAS1,TFS-MuleAPIs-DataScience-Services  ,Not required,Not required,,Mulesoft,https://github.tfs.toyota.com/EAS-Channel-Access-Services/TFS-MuleAPIs-DataScience-Services.git,Jar,,Dev,BUILD_DEPLOY,https://artifactory.tfs.toyota.com/artifactory/easc-maven-prod-local/artifacts/datascience-services.jar,,AnyPoint,srv_easc_app
FACT0804,EAS1,TFS-MuleAPIs-DCOLA_CROWE-proxy  ,Not required,Not required,,Mulesoft,https://github.tfs.toyota.com/EAS-Channel-Access-Services/TFS-MuleAPIs-DCOLA_CROWE-proxy.git,Jar,,Dev,BUILD_DEPLOY,https://artifactory.tfs.toyota.com/artifactory/easc-maven-prod-local/artifacts/dcola-crowe-proxy.jar,,AnyPoint,srv_easc_app
FACT0804,EAS1,TFS-MuleAPIs-Dealer-CallMenow  ,Not required,Not required,,Mulesoft,https://github.tfs.toyota.com/EAS-Channel-Access-Services/TFS-MuleAPIs-Dealer-CallMenow.git,Jar,,Dev,BUILD_DEPLOY,https://artifactory.tfs.toyota.com/artifactory/easc-maven-prod-local/artifacts/dealer-callmenow.jar,,AnyPoint,srv_easc_app
FACT0804,EAS1,TFS-MuleAPIs-Dealer-Lending-Services-2  ,Not required,Not required,,Mulesoft,https://github.tfs.toyota.com/EAS-Channel-Access-Services/TFS-MuleAPIs-Dealer-Lending-Services-2.git,Jar,,Dev,BUILD_DEPLOY,https://artifactory.tfs.toyota.com/artifactory/easc-maven-prod-local/artifacts/dealer-lending-services-2.jar,,AnyPoint,srv_easc_app
FACT0804,EAS1,TFS-MuleAPIs-Dealer-Login-Services  ,Not required,Not required,,Mulesoft,https://github.tfs.toyota.com/EAS-Channel-Access-Services/TFS-MuleAPIs-Dealer-Login-Services.git,Jar,,Dev,BUILD_DEPLOY,https://artifactory.tfs.toyota.com/artifactory/easc-maven-prod-local/artifacts/dealer-login-services.jar,,AnyPoint,srv_easc_app
FACT0804,EAS1,TFS-MuleAPIs-DealerAudit-Services  ,Not required,Not required,,Mulesoft,https://github.tfs.toyota.com/EAS-Channel-Access-Services/TFS-MuleAPIs-DealerAudit-Services.git,Jar,,Dev,BUILD_DEPLOY,https://artifactory.tfs.toyota.com/artifactory/easc-maven-prod-local/artifacts/dealeraudit-services.jar,,AnyPoint,srv_easc_app
FACT0804,EAS1,TFS-MuleAPIs-DealerDirect-Services  ,Not required,Not required,,Mulesoft,https://github.tfs.toyota.com/EAS-Channel-Access-Services/TFS-MuleAPIs-DealerDirect-Services.git,Jar,,Dev,BUILD_DEPLOY,https://artifactory.tfs.toyota.com/artifactory/easc-maven-prod-local/artifacts/dealerdirect-services.jar,,AnyPoint,srv_easc_app
FACT0804,EAS1,TFS-MuleAPIs-DealerLookup  ,Not required,Not required,,Mulesoft,https://github.tfs.toyota.com/EAS-Channel-Access-Services/TFS-MuleAPIs-DealerLookup.git,Jar,,Dev,BUILD_DEPLOY,https://artifactory.tfs.toyota.com/artifactory/easc-maven-prod-local/artifacts/dealerlookup.jar,,AnyPoint,srv_easc_app
FACT0804,EAS1,TFS-MuleAPIs-DealerProfile  ,Not required,Not required,,Mulesoft,https://github.tfs.toyota.com/EAS-Channel-Access-Services/TFS-MuleAPIs-DealerProfile.git,Jar,,Dev,BUILD_DEPLOY,https://artifactory.tfs.toyota.com/artifactory/easc-maven-prod-local/artifacts/dealerprofile.jar,,AnyPoint,srv_easc_app
FACT0804,EAS1,TFS-MuleAPIs-DealerTermsConditions  ,Not required,Not required,,Mulesoft,https://github.tfs.toyota.com/EAS-Channel-Access-Services/TFS-MuleAPIs-DealerTermsConditions.git,Jar,,Dev,BUILD_DEPLOY,https://artifactory.tfs.toyota.com/artifactory/easc-maven-prod-local/artifacts/dealertermsconditions.jar,,AnyPoint,srv_easc_app
FACT0804,EAS1,TFS-MuleAPIs-Defi-Services-Proxy  ,Not required,Not required,,Mulesoft,https://github.tfs.toyota.com/EAS-Channel-Access-Services/TFS-MuleAPIs-Defi-Services-Proxy.git,Jar,,Dev,BUILD_DEPLOY,https://artifactory.tfs.toyota.com/artifactory/easc-maven-prod-local/artifacts/defi-services-proxy.jar,,AnyPoint,srv_easc_app
FACT0804,EAS1,TFS-MuleAPIs-DefiService-API  ,Not required,Not required,,Mulesoft,https://github.tfs.toyota.com/EAS-Channel-Access-Services/TFS-MuleAPIs-DefiService-API.git,Jar,,Dev,BUILD_DEPLOY,https://artifactory.tfs.toyota.com/artifactory/easc-maven-prod-local/artifacts/defiservice-api.jar,,AnyPoint,srv_easc_app
FACT0804,EAS1,TFS-MuleAPIs-DefiServices  ,Not required,Not required,,Mulesoft,https://github.tfs.toyota.com/EAS-Channel-Access-Services/TFS-MuleAPIs-DefiServices.git,Jar,,Dev,BUILD_DEPLOY,https://artifactory.tfs.toyota.com/artifactory/easc-maven-prod-local/artifacts/defiservices.jar,,AnyPoint,srv_easc_app
FACT0804,EAS1,TFS-MuleAPIs-DefiServices-API  ,Not required,Not required,,Mulesoft,https://github.tfs.toyota.com/EAS-Channel-Access-Services/TFS-MuleAPIs-DefiServices-API.git,Jar,,Dev,BUILD_DEPLOY,https://artifactory.tfs.toyota.com/artifactory/easc-maven-prod-local/artifacts/defiservices-api.jar,,AnyPoint,srv_easc_app
FACT0804,EAS1,TFS-MuleAPIs-DeployPro,Not required,Not required,,Mulesoft,https://github.tfs.toyota.com/EAS-Channel-Access-Services/TFS-MuleAPIs-DeployPro.git,Jar,,Dev,BUILD_DEPLOY,https://artifactory.tfs.toyota.com/artifactory/easc-maven-prod-local/artifacts/deploypro.jar,,AnyPoint,srv_easc_app
FACT0804,EAS1,TFS-MuleAPIs-DFI-GSFS-Services  ,Not required,Not required,,Mulesoft,https://github.tfs.toyota.com/EAS-Channel-Access-Services/TFS-MuleAPIs-DFI-GSFS-Services.git,Jar,,Dev,BUILD_DEPLOY,https://artifactory.tfs.toyota.com/artifactory/easc-maven-prod-local/artifacts/dfi-gsfs-services.jar,,AnyPoint,srv_easc_app
FACT0804,EAS1,TFS-MuleAPIs-DFI-PEN-Services  ,Not required,Not required,,Mulesoft,https://github.tfs.toyota.com/EAS-Channel-Access-Services/TFS-MuleAPIs-DFI-PEN-Services.git,Jar,,Dev,BUILD_DEPLOY,https://artifactory.tfs.toyota.com/artifactory/easc-maven-prod-local/artifacts/dfi-pen-services.jar,,AnyPoint,srv_easc_app
FACT0804,EAS1,TFS-MuleAPIs-DFI-Routeone-Proxy  ,Not required,Not required,,Mulesoft,https://github.tfs.toyota.com/EAS-Channel-Access-Services/TFS-MuleAPIs-DFI-Routeone-Proxy.git,Jar,,Dev,BUILD_DEPLOY,https://artifactory.tfs.toyota.com/artifactory/easc-maven-prod-local/artifacts/dfi-routeone-proxy.jar,,AnyPoint,srv_easc_app
FACT0804,EAS1,TFS-MuleAPIs-DialerNotifications  ,Not required,Not required,,Mulesoft,https://github.tfs.toyota.com/EAS-Channel-Access-Services/TFS-MuleAPIs-DialerNotifications.git,Jar,,Dev,BUILD_DEPLOY,https://artifactory.tfs.toyota.com/artifactory/easc-maven-prod-local/artifacts/dialernotifications.jar,,AnyPoint,srv_easc_app
FACT0804,EAS1,TFS-MuleAPIs-Digital-Communication-Services  ,Not required,Not required,,Mulesoft,https://github.tfs.toyota.com/EAS-Channel-Access-Services/TFS-MuleAPIs-Digital-Communication-Services.git,Jar,,Dev,BUILD_DEPLOY,https://artifactory.tfs.toyota.com/artifactory/easc-maven-prod-local/artifacts/digital-communication-services.jar,,AnyPoint,srv_easc_app
FACT0804,EAS1,TFS-MuleAPIs-Digital-Self-Services  ,Not required,Not required,,Mulesoft,https://github.tfs.toyota.com/EAS-Channel-Access-Services/TFS-MuleAPIs-Digital-Self-Services.git,Jar,,Dev,BUILD_DEPLOY,https://artifactory.tfs.toyota.com/artifactory/easc-maven-prod-local/artifacts/digital-self-services.jar,,AnyPoint,srv_easc_app
FACT0804,EAS1,TFS-MuleAPIs-DMSServices  ,Not required,Not required,,Mulesoft,https://github.tfs.toyota.com/EAS-Channel-Access-Services/TFS-MuleAPIs-DMSServices.git,Jar,,Dev,BUILD_DEPLOY,https://artifactory.tfs.toyota.com/artifactory/easc-maven-prod-local/artifacts/dmsservices.jar,,AnyPoint,srv_easc_app
FACT0804,EAS1,TFS-MuleAPIs-Document-Services  ,Not required,Not required,,Mulesoft,https://github.tfs.toyota.com/EAS-Channel-Access-Services/TFS-MuleAPIs-Document-Services.git,Jar,,Dev,BUILD_DEPLOY,https://artifactory.tfs.toyota.com/artifactory/easc-maven-prod-local/artifacts/document-services.jar,,AnyPoint,srv_easc_app
FACT0804,EAS1,TFS-MuleAPIs-DocumentumService  ,Not required,Not required,,Mulesoft,https://github.tfs.toyota.com/EAS-Channel-Access-Services/TFS-MuleAPIs-DocumentumService.git,Jar,,Dev,BUILD_DEPLOY,https://artifactory.tfs.toyota.com/artifactory/easc-maven-prod-local/artifacts/documentumservice.jar,,AnyPoint,srv_easc_app
FACT0804,EAS1,TFS-MuleAPIs-DueDateChange  ,Not required,Not required,,Mulesoft,https://github.tfs.toyota.com/EAS-Channel-Access-Services/TFS-MuleAPIs-DueDateChange.git,Jar,,Dev,BUILD_DEPLOY,https://artifactory.tfs.toyota.com/artifactory/easc-maven-prod-local/artifacts/duedatechange.jar,,AnyPoint,srv_easc_app
FACT0804,EAS1,TFS-MuleAPIs-Dynamic-Endpoint-Routing  ,Not required,Not required,,Mulesoft,https://github.tfs.toyota.com/EAS-Channel-Access-Services/TFS-MuleAPIs-Dynamic-Endpoint-Routing.git,Jar,,Dev,BUILD_DEPLOY,https://artifactory.tfs.toyota.com/artifactory/easc-maven-prod-local/artifacts/dynamic-endpoint-routing.jar,,AnyPoint,srv_easc_app
FACT0804,EAS1,TFS-MuleAPIs-Dynatrace-FWD  ,Not required,Not required,,Mulesoft,https://github.tfs.toyota.com/EAS-Channel-Access-Services/TFS-MuleAPIs-Dynatrace-FWD.git,Jar,,Dev,BUILD_DEPLOY,https://artifactory.tfs.toyota.com/artifactory/easc-maven-prod-local/artifacts/dynatrace-fwd.jar,,AnyPoint,srv_easc_app
FACT0804,EAS1,TFS-MuleAPIs-EDPEgressService  ,Not required,Not required,,Mulesoft,https://github.tfs.toyota.com/EAS-Channel-Access-Services/TFS-MuleAPIs-EDPEgressService.git,Jar,,Dev,BUILD_DEPLOY,https://artifactory.tfs.toyota.com/artifactory/easc-maven-prod-local/artifacts/edpegressservice.jar,,AnyPoint,srv_easc_app
FACT0804,EAS1,TFS-MuleAPIs-EDPIngressAPI  ,Not required,Not required,,Mulesoft,https://github.tfs.toyota.com/EAS-Channel-Access-Services/TFS-MuleAPIs-EDPIngressAPI.git,Jar,,Dev,BUILD_DEPLOY,https://artifactory.tfs.toyota.com/artifactory/easc-maven-prod-local/artifacts/edpingressapi.jar,,AnyPoint,srv_easc_app
FACT0804,EAS1,TFS-MuleAPIs-Enterprise-DocumentLake-Services  ,Not required,Not required,,Mulesoft,https://github.tfs.toyota.com/EAS-Channel-Access-Services/TFS-MuleAPIs-Enterprise-DocumentLake-Services.git,Jar,,Dev,BUILD_DEPLOY,https://artifactory.tfs.toyota.com/artifactory/easc-maven-prod-local/artifacts/enterprise-documentlake-services.jar,,AnyPoint,srv_easc_app
FACT0804,EAS1,TFS-MuleAPIs-Event_Notifications  ,Not required,Not required,,Mulesoft,https://github.tfs.toyota.com/EAS-Channel-Access-Services/TFS-MuleAPIs-Event_Notifications.git,Jar,,Dev,BUILD_DEPLOY,https://artifactory.tfs.toyota.com/artifactory/easc-maven-prod-local/artifacts/event-notifications.jar,,AnyPoint,srv_easc_app
FACT0804,EAS1,TFS-MuleAPIs-EXP-Authorizedparty  ,Not required,Not required,,Mulesoft,https://github.tfs.toyota.com/EAS-Channel-Access-Services/TFS-MuleAPIs-EXP-Authorizedparty.git,Jar,,Dev,BUILD_DEPLOY,https://artifactory.tfs.toyota.com/artifactory/easc-maven-prod-local/artifacts/exp-authorizedparty.jar,,AnyPoint,srv_easc_app
FACT0804,EAS1,TFS-MuleAPIs-EXP-DueDateChange  ,Not required,Not required,,Mulesoft,https://github.tfs.toyota.com/EAS-Channel-Access-Services/TFS-MuleAPIs-EXP-DueDateChange.git,Jar,,Dev,BUILD_DEPLOY,https://artifactory.tfs.toyota.com/artifactory/easc-maven-prod-local/artifacts/exp-duedatechange.jar,,AnyPoint,srv_easc_app
FACT0804,EAS1,TFS-MuleAPIs-EXP-PayoffQuote  ,Not required,Not required,,Mulesoft,https://github.tfs.toyota.com/EAS-Channel-Access-Services/TFS-MuleAPIs-EXP-PayoffQuote.git,Jar,,Dev,BUILD_DEPLOY,https://artifactory.tfs.toyota.com/artifactory/easc-maven-prod-local/artifacts/exp-payoffquote.jar,,AnyPoint,srv_easc_app
FACT0804,EAS1,TFS-MuleAPIs-EXP-SupportCenter  ,Not required,Not required,,Mulesoft,https://github.tfs.toyota.com/EAS-Channel-Access-Services/TFS-MuleAPIs-EXP-SupportCenter.git,Jar,,Dev,BUILD_DEPLOY,https://artifactory.tfs.toyota.com/artifactory/easc-maven-prod-local/artifacts/exp-supportcenter.jar,,AnyPoint,srv_easc_app
FACT0804,EAS1,TFS-MuleAPIs-EXP-TitleTracker  ,Not required,Not required,,Mulesoft,https://github.tfs.toyota.com/EAS-Channel-Access-Services/TFS-MuleAPIs-EXP-TitleTracker.git,Jar,,Dev,BUILD_DEPLOY,https://artifactory.tfs.toyota.com/artifactory/easc-maven-prod-local/artifacts/exp-titletracker.jar,,AnyPoint,srv_easc_app
FACT0804,EAS1,TFS-MuleAPIs-EXP_CDAR  ,Not required,Not required,,Mulesoft,https://github.tfs.toyota.com/EAS-Channel-Access-Services/TFS-MuleAPIs-EXP_CDAR.git,Jar,,Dev,BUILD_DEPLOY,https://artifactory.tfs.toyota.com/artifactory/easc-maven-prod-local/artifacts/exp-cdar.jar,,AnyPoint,srv_easc_app
FACT0804,EAS1,TFS-MuleAPIs-EXP_StateTransfer  ,Not required,Not required,,Mulesoft,https://github.tfs.toyota.com/EAS-Channel-Access-Services/TFS-MuleAPIs-EXP_StateTransfer.git,Jar,,Dev,BUILD_DEPLOY,https://artifactory.tfs.toyota.com/artifactory/easc-maven-prod-local/artifacts/exp-statetransfer.jar,,AnyPoint,srv_easc_app
FACT0804,EAS1,TFS-MuleAPIs-ExpAuthorizedParties  ,Not required,Not required,,Mulesoft,https://github.tfs.toyota.com/EAS-Channel-Access-Services/TFS-MuleAPIs-ExpAuthorizedParties.git,Jar,,Dev,BUILD_DEPLOY,https://artifactory.tfs.toyota.com/artifactory/easc-maven-prod-local/artifacts/expauthorizedparties.jar,,AnyPoint,srv_easc_app
FACT0804,EAS1,TFS-MuleAPIs-finalpaymentestimator-Service  ,Not required,Not required,,Mulesoft,https://github.tfs.toyota.com/EAS-Channel-Access-Services/TFS-MuleAPIs-finalpaymentestimator-Service.git,Jar,,Dev,BUILD_DEPLOY,https://artifactory.tfs.toyota.com/artifactory/easc-maven-prod-local/artifacts/finalpaymentestimator-service.jar,,AnyPoint,srv_easc_app
FACT0804,EAS1,TFS-MuleAPIs-FinanceGL-App  ,Not required,Not required,,Mulesoft,https://github.tfs.toyota.com/EAS-Channel-Access-Services/TFS-MuleAPIs-FinanceGL-App.git,Jar,,Dev,BUILD_DEPLOY,https://artifactory.tfs.toyota.com/artifactory/easc-maven-prod-local/artifacts/financegl-app.jar,,AnyPoint,srv_easc_app
FACT0804,EAS1,TFS-MuleAPIs-FinanceGL-Proxy  ,Not required,Not required,,Mulesoft,https://github.tfs.toyota.com/EAS-Channel-Access-Services/TFS-MuleAPIs-FinanceGL-Proxy.git,Jar,,Dev,BUILD_DEPLOY,https://artifactory.tfs.toyota.com/artifactory/easc-maven-prod-local/artifacts/financegl-proxy.jar,,AnyPoint,srv_easc_app
FACT0804,EAS1,TFS-MuleAPIs-FinancialAccount-Lookup-Service  ,Not required,Not required,,Mulesoft,https://github.tfs.toyota.com/EAS-Channel-Access-Services/TFS-MuleAPIs-FinancialAccount-Lookup-Service.git,Jar,,Dev,BUILD_DEPLOY,https://artifactory.tfs.toyota.com/artifactory/easc-maven-prod-local/artifacts/financialaccount-lookup-service.jar,,AnyPoint,srv_easc_app
FACT0804,EAS1,TFS-MuleAPIs-FleetFin-Services  ,Not required,Not required,,Mulesoft,https://github.tfs.toyota.com/EAS-Channel-Access-Services/TFS-MuleAPIs-FleetFin-Services.git,Jar,,Dev,BUILD_DEPLOY,https://artifactory.tfs.toyota.com/artifactory/easc-maven-prod-local/artifacts/fleetfin-services.jar,,AnyPoint,srv_easc_app
FACT0804,EAS1,TFS-MuleAPIs-ForgeRock-Auth-Services  ,Not required,Not required,,Mulesoft,https://github.tfs.toyota.com/EAS-Channel-Access-Services/TFS-MuleAPIs-ForgeRock-Auth-Services.git,Jar,,Dev,BUILD_DEPLOY,https://artifactory.tfs.toyota.com/artifactory/easc-maven-prod-local/artifacts/forgerock-auth-services.jar,,AnyPoint,srv_easc_app
FACT0804,EAS1,TFS-MuleAPIs-ForgeRock-MFSDealer-Proxy  ,Not required,Not required,,Mulesoft,https://github.tfs.toyota.com/EAS-Channel-Access-Services/TFS-MuleAPIs-ForgeRock-MFSDealer-Proxy.git,Jar,,Dev,BUILD_DEPLOY,https://artifactory.tfs.toyota.com/artifactory/easc-maven-prod-local/artifacts/forgerock-mfsdealer-proxy.jar,,AnyPoint,srv_easc_app
FACT0804,EAS1,TFS-MuleAPIs-ForgeRock-Usermanagement-Services  ,Not required,Not required,,Mulesoft,https://github.tfs.toyota.com/EAS-Channel-Access-Services/TFS-MuleAPIs-ForgeRock-Usermanagement-Services.git,Jar,,Dev,BUILD_DEPLOY,https://artifactory.tfs.toyota.com/artifactory/easc-maven-prod-local/artifacts/forgerock-usermanagement-services.jar,,AnyPoint,srv_easc_app
FACT0804,EAS1,TFS-MuleAPIs-ForgeRockConsumer-Proxy  ,Not required,Not required,,Mulesoft,https://github.tfs.toyota.com/EAS-Channel-Access-Services/TFS-MuleAPIs-ForgeRockConsumer-Proxy.git,Jar,,Dev,BUILD_DEPLOY,https://artifactory.tfs.toyota.com/artifactory/easc-maven-prod-local/artifacts/forgerockconsumer-proxy.jar,,AnyPoint,srv_easc_app
FACT0804,EAS1,TFS-MuleAPIs-ForgeRockDealer-IAM-IDM  ,Not required,Not required,,Mulesoft,https://github.tfs.toyota.com/EAS-Channel-Access-Services/TFS-MuleAPIs-ForgeRockDealer-IAM-IDM.git,Jar,,Dev,BUILD_DEPLOY,https://artifactory.tfs.toyota.com/artifactory/easc-maven-prod-local/artifacts/forgerockdealer-iam-idm.jar,,AnyPoint,srv_easc_app
FACT0804,EAS1,TFS-MuleAPIs-Forms-Services  ,Not required,Not required,,Mulesoft,https://github.tfs.toyota.com/EAS-Channel-Access-Services/TFS-MuleAPIs-Forms-Services.git,Jar,,Dev,BUILD_DEPLOY,https://artifactory.tfs.toyota.com/artifactory/easc-maven-prod-local/artifacts/forms-services.jar,,AnyPoint,srv_easc_app
FACT0804,EAS1,TFS-MuleAPIs-Genesys-BREServices-proxy  ,Not required,Not required,,Mulesoft,https://github.tfs.toyota.com/EAS-Channel-Access-Services/TFS-MuleAPIs-Genesys-BREServices-proxy.git,Jar,,Dev,BUILD_DEPLOY,https://artifactory.tfs.toyota.com/artifactory/easc-maven-prod-local/artifacts/genesys-breservices-proxy.jar,,AnyPoint,srv_easc_app
FACT0804,EAS1,TFS-MuleAPIs-Gensys-OCS-Services-proxy  ,Not required,Not required,,Mulesoft,https://github.tfs.toyota.com/EAS-Channel-Access-Services/TFS-MuleAPIs-Gensys-OCS-Services-proxy.git,Jar,,Dev,BUILD_DEPLOY,https://artifactory.tfs.toyota.com/artifactory/easc-maven-prod-local/artifacts/gensys-ocs-services-proxy.jar,,AnyPoint,srv_easc_app
FACT0804,EAS1,TFS-MuleAPIs-Insurance-Claim-Management  ,Not required,Not required,,Mulesoft,https://github.tfs.toyota.com/EAS-Channel-Access-Services/TFS-MuleAPIs-Insurance-Claim-Management.git,Jar,,Dev,BUILD_DEPLOY,https://artifactory.tfs.toyota.com/artifactory/easc-maven-prod-local/artifacts/insurance-claim-management.jar,,AnyPoint,srv_easc_app
FACT0804,EAS1,TFS-MuleAPIs-Insurance-ExplorerServices-proxy  ,Not required,Not required,,Mulesoft,https://github.tfs.toyota.com/EAS-Channel-Access-Services/TFS-MuleAPIs-Insurance-ExplorerServices-proxy.git,Jar,,Dev,BUILD_DEPLOY,https://artifactory.tfs.toyota.com/artifactory/easc-maven-prod-local/artifacts/insurance-explorerservices-proxy.jar,,AnyPoint,srv_easc_app
FACT0804,EAS1,TFS-MuleAPIs-Insurance-Forms-Service  ,Not required,Not required,,Mulesoft,https://github.tfs.toyota.com/EAS-Channel-Access-Services/TFS-MuleAPIs-Insurance-Forms-Service.git,Jar,,Dev,BUILD_DEPLOY,https://artifactory.tfs.toyota.com/artifactory/easc-maven-prod-local/artifacts/insurance-forms-service.jar,,AnyPoint,srv_easc_app
FACT0804,EAS1,TFS-MuleAPIs-Insurance-rates-service  ,Not required,Not required,,Mulesoft,https://github.tfs.toyota.com/EAS-Channel-Access-Services/TFS-MuleAPIs-Insurance-rates-service.git,Jar,,Dev,BUILD_DEPLOY,https://artifactory.tfs.toyota.com/artifactory/easc-maven-prod-local/artifacts/insurance-rates-service.jar,,AnyPoint,srv_easc_app
FACT0804,EAS1,TFS-MuleAPIs-InteractionServices  ,Not required,Not required,,Mulesoft,https://github.tfs.toyota.com/EAS-Channel-Access-Services/TFS-MuleAPIs-InteractionServices.git,Jar,,Dev,BUILD_DEPLOY,https://artifactory.tfs.toyota.com/artifactory/easc-maven-prod-local/artifacts/interactionservices.jar,,AnyPoint,srv_easc_app
FACT0804,EAS1,TFS-MuleAPIs-Investor-DataPublish  ,Not required,Not required,,Mulesoft,https://github.tfs.toyota.com/EAS-Channel-Access-Services/TFS-MuleAPIs-Investor-DataPublish.git,Jar,,Dev,BUILD_DEPLOY,https://artifactory.tfs.toyota.com/artifactory/easc-maven-prod-local/artifacts/investor-datapublish.jar,,AnyPoint,srv_easc_app
FACT0804,EAS1,TFS-MuleAPIs-INXT-ClaimsManagement-Service  ,Not required,Not required,,Mulesoft,https://github.tfs.toyota.com/EAS-Channel-Access-Services/TFS-MuleAPIs-INXT-ClaimsManagement-Service.git,Jar,,Dev,BUILD_DEPLOY,https://artifactory.tfs.toyota.com/artifactory/easc-maven-prod-local/artifacts/inxt-claimsmanagement-service.jar,,AnyPoint,srv_easc_app
FACT0804,EAS1,TFS-MuleAPIs-JWKS  ,Not required,Not required,,Mulesoft,https://github.tfs.toyota.com/EAS-Channel-Access-Services/TFS-MuleAPIs-JWKS.git,Jar,,Dev,BUILD_DEPLOY,https://artifactory.tfs.toyota.com/artifactory/easc-maven-prod-local/artifacts/jwks.jar,,AnyPoint,srv_easc_app
FACT0804,EAS1,TFS-MuleAPIs-Kintolink-Billing-Services  ,Not required,Not required,,Mulesoft,https://github.tfs.toyota.com/EAS-Channel-Access-Services/TFS-MuleAPIs-Kintolink-Billing-Services.git,Jar,,Dev,BUILD_DEPLOY,https://artifactory.tfs.toyota.com/artifactory/easc-maven-prod-local/artifacts/kintolink-billing-services.jar,,AnyPoint,srv_easc_app
FACT0804,EAS1,TFS-MuleAPIs-KintoLink-PortalServices  ,Not required,Not required,,Mulesoft,https://github.tfs.toyota.com/EAS-Channel-Access-Services/TFS-MuleAPIs-KintoLink-PortalServices.git,Jar,,Dev,BUILD_DEPLOY,https://artifactory.tfs.toyota.com/artifactory/easc-maven-prod-local/artifacts/kintolink-portalservices.jar,,AnyPoint,srv_easc_app
FACT0804,EAS1,TFS-MuleAPIs-kintolink-wepay-services  ,Not required,Not required,,Mulesoft,https://github.tfs.toyota.com/EAS-Channel-Access-Services/TFS-MuleAPIs-kintolink-wepay-services.git,Jar,,Dev,BUILD_DEPLOY,https://artifactory.tfs.toyota.com/artifactory/easc-maven-prod-local/artifacts/kintolink-wepay-services.jar,,AnyPoint,srv_easc_app
FACT0804,EAS1,TFS-MuleAPIs-KintoshareDatalakeEvents  ,Not required,Not required,,Mulesoft,https://github.tfs.toyota.com/EAS-Channel-Access-Services/TFS-MuleAPIs-KintoshareDatalakeEvents.git,Jar,,Dev,BUILD_DEPLOY,https://artifactory.tfs.toyota.com/artifactory/easc-maven-prod-local/artifacts/kintosharedatalakeevents.jar,,AnyPoint,srv_easc_app
FACT0804,EAS1,TFS-MuleAPIs-Levo-Services  ,Not required,Not required,,Mulesoft,https://github.tfs.toyota.com/EAS-Channel-Access-Services/TFS-MuleAPIs-Levo-Services.git,Jar,,Dev,BUILD_DEPLOY,https://artifactory.tfs.toyota.com/artifactory/easc-maven-prod-local/artifacts/levo-services.jar,,AnyPoint,srv_easc_app
FACT0804,EAS1,TFS-MuleAPIs-Log-Ingest  ,Not required,Not required,,Mulesoft,https://github.tfs.toyota.com/EAS-Channel-Access-Services/TFS-MuleAPIs-Log-Ingest.git,Jar,,Dev,BUILD_DEPLOY,https://artifactory.tfs.toyota.com/artifactory/easc-maven-prod-local/artifacts/log-ingest.jar,,AnyPoint,srv_easc_app
FACT0804,EAS1,TFS-MuleAPIs-LoggingFramework  ,Not required,Not required,,Mulesoft,https://github.tfs.toyota.com/EAS-Channel-Access-Services/TFS-MuleAPIs-LoggingFramework.git,Jar,,Dev,BUILD_DEPLOY,https://artifactory.tfs.toyota.com/artifactory/easc-maven-prod-local/artifacts/loggingframework.jar,,AnyPoint,srv_easc_app
FACT0804,EAS1,TFS-MuleAPIs-LookerDashboard-pdfGeneration-Services  ,Not required,Not required,,Mulesoft,https://github.tfs.toyota.com/EAS-Channel-Access-Services/TFS-MuleAPIs-LookerDashboard-pdfGeneration-Services.git,Jar,,Dev,BUILD_DEPLOY,https://artifactory.tfs.toyota.com/artifactory/easc-maven-prod-local/artifacts/lookerdashboard-pdfgeneration-services.jar,,AnyPoint,srv_easc_app
FACT0804,EAS1,TFS-MuleAPIs-Loyal-Customer-Profile-Services  ,Not required,Not required,,Mulesoft,https://github.tfs.toyota.com/EAS-Channel-Access-Services/TFS-MuleAPIs-Loyal-Customer-Profile-Services.git,Jar,,Dev,BUILD_DEPLOY,https://artifactory.tfs.toyota.com/artifactory/easc-maven-prod-local/artifacts/loyal-customer-profile-services.jar,,AnyPoint,srv_easc_app
FACT0804,EAS1,TFS-MuleAPIs-LTAS-User-Admin-Services  ,Not required,Not required,,Mulesoft,https://github.tfs.toyota.com/EAS-Channel-Access-Services/TFS-MuleAPIs-LTAS-User-Admin-Services.git,Jar,,Dev,BUILD_DEPLOY,https://artifactory.tfs.toyota.com/artifactory/easc-maven-prod-local/artifacts/ltas-user-admin-services.jar,,AnyPoint,srv_easc_app
FACT0804,EAS1,TFS-MuleAPIs-Marketing-Cloud-User-Provisioning-Service  ,Not required,Not required,,Mulesoft,https://github.tfs.toyota.com/EAS-Channel-Access-Services/TFS-MuleAPIs-Marketing-Cloud-User-Provisioning-Service.git,Jar,,Dev,BUILD_DEPLOY,https://artifactory.tfs.toyota.com/artifactory/easc-maven-prod-local/artifacts/marketing-cloud-user-provisioning-service.jar,,AnyPoint,srv_easc_app
FACT0804,EAS1,TFS-MuleAPIs-MarkitServices  ,Not required,Not required,,Mulesoft,https://github.tfs.toyota.com/EAS-Channel-Access-Services/TFS-MuleAPIs-MarkitServices.git,Jar,,Dev,BUILD_DEPLOY,https://artifactory.tfs.toyota.com/artifactory/easc-maven-prod-local/artifacts/markitservices.jar,,AnyPoint,srv_easc_app
FACT0804,EAS1,TFS-MuleAPIs-Message-Case-Management-Service  ,Not required,Not required,,Mulesoft,https://github.tfs.toyota.com/EAS-Channel-Access-Services/TFS-MuleAPIs-Message-Case-Management-Service.git,Jar,,Dev,BUILD_DEPLOY,https://artifactory.tfs.toyota.com/artifactory/easc-maven-prod-local/artifacts/message-case-management-service.jar,,AnyPoint,srv_easc_app
FACT0804,EAS1,TFS-MuleAPIs-MessagingServices  ,Not required,Not required,,Mulesoft,https://github.tfs.toyota.com/EAS-Channel-Access-Services/TFS-MuleAPIs-MessagingServices.git,Jar,,Dev,BUILD_DEPLOY,https://artifactory.tfs.toyota.com/artifactory/easc-maven-prod-local/artifacts/messagingservices.jar,,AnyPoint,srv_easc_app
FACT0804,EAS1,TFS-MuleAPIs-MeteringService  ,Not required,Not required,,Mulesoft,https://github.tfs.toyota.com/EAS-Channel-Access-Services/TFS-MuleAPIs-MeteringService.git,Jar,,Dev,BUILD_DEPLOY,https://artifactory.tfs.toyota.com/artifactory/easc-maven-prod-local/artifacts/meteringservice.jar,,AnyPoint,srv_easc_app
FACT0804,EAS1,TFS-MuleAPIs-mFin-Account-Services  ,Not required,Not required,,Mulesoft,https://github.tfs.toyota.com/EAS-Channel-Access-Services/TFS-MuleAPIs-mFin-Account-Services.git,Jar,,Dev,BUILD_DEPLOY,https://artifactory.tfs.toyota.com/artifactory/easc-maven-prod-local/artifacts/mfin-account-services.jar,,AnyPoint,srv_easc_app
FACT0804,EAS1,TFS-MuleAPIs-mFin-Account-Services-API  ,Not required,Not required,,Mulesoft,https://github.tfs.toyota.com/EAS-Channel-Access-Services/TFS-MuleAPIs-mFin-Account-Services-API.git,Jar,,Dev,BUILD_DEPLOY,https://artifactory.tfs.toyota.com/artifactory/easc-maven-prod-local/artifacts/mfin-account-services-api.jar,,AnyPoint,srv_easc_app
FACT0804,EAS1,TFS-MuleAPIs-mFin-DealerLookup-Services-Proxy  ,Not required,Not required,,Mulesoft,https://github.tfs.toyota.com/EAS-Channel-Access-Services/TFS-MuleAPIs-mFin-DealerLookup-Services-Proxy.git,Jar,,Dev,BUILD_DEPLOY,https://artifactory.tfs.toyota.com/artifactory/easc-maven-prod-local/artifacts/mfin-dealerlookup-services-proxy.jar,,AnyPoint,srv_easc_app
FACT0804,EAS1,TFS-MuleAPIs-mfin-events-service  ,Not required,Not required,,Mulesoft,https://github.tfs.toyota.com/EAS-Channel-Access-Services/TFS-MuleAPIs-mfin-events-service.git,Jar,,Dev,BUILD_DEPLOY,https://artifactory.tfs.toyota.com/artifactory/easc-maven-prod-local/artifacts/mfin-events-service.jar,,AnyPoint,srv_easc_app
FACT0804,EAS1,TFS-MuleAPIs-mFin-FiservBiller-Services  ,Not required,Not required,,Mulesoft,https://github.tfs.toyota.com/EAS-Channel-Access-Services/TFS-MuleAPIs-mFin-FiservBiller-Services.git,Jar,,Dev,BUILD_DEPLOY,https://artifactory.tfs.toyota.com/artifactory/easc-maven-prod-local/artifacts/mfin-fiservbiller-services.jar,,AnyPoint,srv_easc_app
FACT0804,EAS1,TFS-MuleAPIs-mFin-NICE-BREServices-proxy  ,Not required,Not required,,Mulesoft,https://github.tfs.toyota.com/EAS-Channel-Access-Services/TFS-MuleAPIs-mFin-NICE-BREServices-proxy.git,Jar,,Dev,BUILD_DEPLOY,https://artifactory.tfs.toyota.com/artifactory/easc-maven-prod-local/artifacts/mfin-nice-breservices-proxy.jar,,AnyPoint,srv_easc_app
FACT0804,EAS1,TFS-MuleAPIs-mFin-PaymentEngine  ,Not required,Not required,,Mulesoft,https://github.tfs.toyota.com/EAS-Channel-Access-Services/TFS-MuleAPIs-mFin-PaymentEngine.git,Jar,,Dev,BUILD_DEPLOY,https://artifactory.tfs.toyota.com/artifactory/easc-maven-prod-local/artifacts/mfin-paymentengine.jar,,AnyPoint,srv_easc_app
FACT0804,EAS1,TFS-MuleAPIs-mFin-User-Account-Services  ,Not required,Not required,,Mulesoft,https://github.tfs.toyota.com/EAS-Channel-Access-Services/TFS-MuleAPIs-mFin-User-Account-Services.git,Jar,,Dev,BUILD_DEPLOY,https://artifactory.tfs.toyota.com/artifactory/easc-maven-prod-local/artifacts/mfin-user-account-services.jar,,AnyPoint,srv_easc_app
FACT0804,EAS1,TFS-MuleAPIs-Mfin-UserProfileService  ,Not required,Not required,,Mulesoft,https://github.tfs.toyota.com/EAS-Channel-Access-Services/TFS-MuleAPIs-Mfin-UserProfileService.git,Jar,,Dev,BUILD_DEPLOY,https://artifactory.tfs.toyota.com/artifactory/easc-maven-prod-local/artifacts/mfin-userprofileservice.jar,,AnyPoint,srv_easc_app
FACT0804,EAS1,TFS-MuleAPIs-MockingService  ,Not required,Not required,,Mulesoft,https://github.tfs.toyota.com/EAS-Channel-Access-Services/TFS-MuleAPIs-MockingService.git,Jar,,Dev,BUILD_DEPLOY,https://artifactory.tfs.toyota.com/artifactory/easc-maven-prod-local/artifacts/mockingservice.jar,,AnyPoint,srv_easc_app
FACT0804,EAS1,TFS-MuleAPIs-mps-incentive-programs  ,Not required,Not required,,Mulesoft,https://github.tfs.toyota.com/EAS-Channel-Access-Services/TFS-MuleAPIs-mps-incentive-programs.git,Jar,,Dev,BUILD_DEPLOY,https://artifactory.tfs.toyota.com/artifactory/easc-maven-prod-local/artifacts/mps-incentive-programs.jar,,AnyPoint,srv_easc_app
FACT0804,EAS1,TFS-MuleAPIs-MultiChannel-PayoffQuote-Service  ,Not required,Not required,,Mulesoft,https://github.tfs.toyota.com/EAS-Channel-Access-Services/TFS-MuleAPIs-MultiChannel-PayoffQuote-Service.git,Jar,,Dev,BUILD_DEPLOY,https://artifactory.tfs.toyota.com/artifactory/easc-maven-prod-local/artifacts/multichannel-payoffquote-service.jar,,AnyPoint,srv_easc_app
FACT0804,EAS1,TFS-MuleAPIs-NAWC-proxy  ,Not required,Not required,,Mulesoft,https://github.tfs.toyota.com/EAS-Channel-Access-Services/TFS-MuleAPIs-NAWC-proxy.git,Jar,,Dev,BUILD_DEPLOY,https://artifactory.tfs.toyota.com/artifactory/easc-maven-prod-local/artifacts/nawc-proxy.jar,,AnyPoint,srv_easc_app
FACT0804,EAS1,TFS-MuleAPIs-NetDocument-Services  ,Not required,Not required,,Mulesoft,https://github.tfs.toyota.com/EAS-Channel-Access-Services/TFS-MuleAPIs-NetDocument-Services.git,Jar,,Dev,BUILD_DEPLOY,https://artifactory.tfs.toyota.com/artifactory/easc-maven-prod-local/artifacts/netdocument-services.jar,,AnyPoint,srv_easc_app
FACT0804,EAS1,TFS-MuleAPIs-Netdocument-Services  ,Not required,Not required,,Mulesoft,https://github.tfs.toyota.com/EAS-Channel-Access-Services/TFS-MuleAPIs-Netdocument-Services.git,Jar,,Dev,BUILD_DEPLOY,https://artifactory.tfs.toyota.com/artifactory/easc-maven-prod-local/artifacts/netdocument-services.jar,,AnyPoint,srv_easc_app
FACT0804,EAS1,TFS-MuleAPIs-Neustar-Account-Services  ,Not required,Not required,,Mulesoft,https://github.tfs.toyota.com/EAS-Channel-Access-Services/TFS-MuleAPIs-Neustar-Account-Services.git,Jar,,Dev,BUILD_DEPLOY,https://artifactory.tfs.toyota.com/artifactory/easc-maven-prod-local/artifacts/neustar-account-services.jar,,AnyPoint,srv_easc_app
FACT0804,EAS1,TFS-MuleAPIs-NHTSA-Services  ,Not required,Not required,,Mulesoft,https://github.tfs.toyota.com/EAS-Channel-Access-Services/TFS-MuleAPIs-NHTSA-Services.git,Jar,,Dev,BUILD_DEPLOY,https://artifactory.tfs.toyota.com/artifactory/easc-maven-prod-local/artifacts/nhtsa-services.jar,,AnyPoint,srv_easc_app
FACT0804,EAS1,TFS-MuleAPIs-Nice-Authentication  ,Not required,Not required,,Mulesoft,https://github.tfs.toyota.com/EAS-Channel-Access-Services/TFS-MuleAPIs-Nice-Authentication.git,Jar,,Dev,BUILD_DEPLOY,https://artifactory.tfs.toyota.com/artifactory/easc-maven-prod-local/artifacts/nice-authentication.jar,,AnyPoint,srv_easc_app
FACT0804,EAS1,TFS-MuleAPIs-NICE-BREServices-proxy  ,Not required,Not required,,Mulesoft,https://github.tfs.toyota.com/EAS-Channel-Access-Services/TFS-MuleAPIs-NICE-BREServices-proxy.git,Jar,,Dev,BUILD_DEPLOY,https://artifactory.tfs.toyota.com/artifactory/easc-maven-prod-local/artifacts/nice-breservices-proxy.jar,,AnyPoint,srv_easc_app
FACT0804,EAS1,TFS-MuleAPIs-Nice-Customer-Engagement-Services  ,Not required,Not required,,Mulesoft,https://github.tfs.toyota.com/EAS-Channel-Access-Services/TFS-MuleAPIs-Nice-Customer-Engagement-Services.git,Jar,,Dev,BUILD_DEPLOY,https://artifactory.tfs.toyota.com/artifactory/easc-maven-prod-local/artifacts/nice-customer-engagement-services.jar,,AnyPoint,srv_easc_app
FACT0804,EAS1,TFS-MuleAPIs-Notify-CDAR-status-SFDC  ,Not required,Not required,,Mulesoft,https://github.tfs.toyota.com/EAS-Channel-Access-Services/TFS-MuleAPIs-Notify-CDAR-status-SFDC.git,Jar,,Dev,BUILD_DEPLOY,https://artifactory.tfs.toyota.com/artifactory/easc-maven-prod-local/artifacts/notify-cdar-status-sfdc.jar,,AnyPoint,srv_easc_app
FACT0804,EAS1,TFS-MuleAPIs-OauthProvider  ,Not required,Not required,,Mulesoft,https://github.tfs.toyota.com/EAS-Channel-Access-Services/TFS-MuleAPIs-OauthProvider.git,Jar,,Dev,BUILD_DEPLOY,https://artifactory.tfs.toyota.com/artifactory/easc-maven-prod-local/artifacts/oauthprovider.jar,,AnyPoint,srv_easc_app
FACT0804,EAS1,TFS-MuleAPIs-ocainboundservices  ,Not required,Not required,,Mulesoft,https://github.tfs.toyota.com/EAS-Channel-Access-Services/TFS-MuleAPIs-ocainboundservices.git,Jar,,Dev,BUILD_DEPLOY,https://artifactory.tfs.toyota.com/artifactory/easc-maven-prod-local/artifacts/ocainboundservices.jar,,AnyPoint,srv_easc_app
FACT0804,EAS1,TFS-MuleAPIs-Onetrust  ,Not required,Not required,,Mulesoft,https://github.tfs.toyota.com/EAS-Channel-Access-Services/TFS-MuleAPIs-Onetrust.git,Jar,,Dev,BUILD_DEPLOY,https://artifactory.tfs.toyota.com/artifactory/easc-maven-prod-local/artifacts/onetrust.jar,,AnyPoint,srv_easc_app
FACT0804,EAS1,TFS-MuleAPIs-OnlineFinancialServices  ,Not required,Not required,,Mulesoft,https://github.tfs.toyota.com/EAS-Channel-Access-Services/TFS-MuleAPIs-OnlineFinancialServices.git,Jar,,Dev,BUILD_DEPLOY,https://artifactory.tfs.toyota.com/artifactory/easc-maven-prod-local/artifacts/onlinefinancialservices.jar,,AnyPoint,srv_easc_app
FACT0804,EAS1,TFS-MuleAPIs-Payment-RuleEngine-Service-Proxy  ,Not required,Not required,,Mulesoft,https://github.tfs.toyota.com/EAS-Channel-Access-Services/TFS-MuleAPIs-Payment-RuleEngine-Service-Proxy.git,Jar,,Dev,BUILD_DEPLOY,https://artifactory.tfs.toyota.com/artifactory/easc-maven-prod-local/artifacts/payment-ruleengine-service-proxy.jar,,AnyPoint,srv_easc_app
FACT0804,EAS1,TFS-MuleAPIs-PaymentHub-Services  ,Not required,Not required,,Mulesoft,https://github.tfs.toyota.com/EAS-Channel-Access-Services/TFS-MuleAPIs-PaymentHub-Services.git,Jar,,Dev,BUILD_DEPLOY,https://artifactory.tfs.toyota.com/artifactory/easc-maven-prod-local/artifacts/paymenthub-services.jar,,AnyPoint,srv_easc_app
FACT0804,EAS1,TFS-MuleAPIs-PayoffQuote  ,Not required,Not required,,Mulesoft,https://github.tfs.toyota.com/EAS-Channel-Access-Services/TFS-MuleAPIs-PayoffQuote.git,Jar,,Dev,BUILD_DEPLOY,https://artifactory.tfs.toyota.com/artifactory/easc-maven-prod-local/artifacts/payoffquote.jar,,AnyPoint,srv_easc_app
FACT0804,EAS1,TFS-MuleAPIs-PE-NDM-proxy  ,Not required,Not required,,Mulesoft,https://github.tfs.toyota.com/EAS-Channel-Access-Services/TFS-MuleAPIs-PE-NDM-proxy.git,Jar,,Dev,BUILD_DEPLOY,https://artifactory.tfs.toyota.com/artifactory/easc-maven-prod-local/artifacts/pe-ndm-proxy.jar,,AnyPoint,srv_easc_app
FACT0804,EAS1,TFS-MuleAPIs-PresalesDealer-Services  ,Not required,Not required,,Mulesoft,https://github.tfs.toyota.com/EAS-Channel-Access-Services/TFS-MuleAPIs-PresalesDealer-Services.git,Jar,,Dev,BUILD_DEPLOY,https://artifactory.tfs.toyota.com/artifactory/easc-maven-prod-local/artifacts/presalesdealer-services.jar,,AnyPoint,srv_easc_app
FACT0804,EAS1,TFS-MuleAPIs-Pricing-Residual-Proxy  ,Not required,Not required,,Mulesoft,https://github.tfs.toyota.com/EAS-Channel-Access-Services/TFS-MuleAPIs-Pricing-Residual-Proxy.git,Jar,,Dev,BUILD_DEPLOY,https://artifactory.tfs.toyota.com/artifactory/easc-maven-prod-local/artifacts/pricing-residual-proxy.jar,,AnyPoint,srv_easc_app
FACT0804,EAS1,TFS-MuleAPIs-Pricing-Residual-Service  ,Not required,Not required,,Mulesoft,https://github.tfs.toyota.com/EAS-Channel-Access-Services/TFS-MuleAPIs-Pricing-Residual-Service.git,Jar,,Dev,BUILD_DEPLOY,https://artifactory.tfs.toyota.com/artifactory/easc-maven-prod-local/artifacts/pricing-residual-service.jar,,AnyPoint,srv_easc_app
FACT0804,EAS1,TFS-MuleAPIs-Privacy_CustomerServiceRequestCreation-proxy  ,Not required,Not required,,Mulesoft,https://github.tfs.toyota.com/EAS-Channel-Access-Services/TFS-MuleAPIs-Privacy_CustomerServiceRequestCreation-proxy.git,Jar,,Dev,BUILD_DEPLOY,https://artifactory.tfs.toyota.com/artifactory/easc-maven-prod-local/artifacts/privacy-customerservicerequestcreation-proxy.jar,,AnyPoint,srv_easc_app
FACT0804,EAS1,TFS-MuleAPIs-PromiseTracker  ,Not required,Not required,,Mulesoft,https://github.tfs.toyota.com/EAS-Channel-Access-Services/TFS-MuleAPIs-PromiseTracker.git,Jar,,Dev,BUILD_DEPLOY,https://artifactory.tfs.toyota.com/artifactory/easc-maven-prod-local/artifacts/promisetracker.jar,,AnyPoint,srv_easc_app
FACT0804,EAS1,TFS-MuleAPIs-PROXY  ,Not required,Not required,,Mulesoft,https://github.tfs.toyota.com/EAS-Channel-Access-Services/TFS-MuleAPIs-PROXY.git,Jar,,Dev,BUILD_DEPLOY,https://artifactory.tfs.toyota.com/artifactory/easc-maven-prod-local/artifacts/proxy.jar,,AnyPoint,srv_easc_app
FACT0804,EAS1,TFS-MuleAPIs-QRadar-SysLogger-proxy  ,Not required,Not required,,Mulesoft,https://github.tfs.toyota.com/EAS-Channel-Access-Services/TFS-MuleAPIs-QRadar-SysLogger-proxy.git,Jar,,Dev,BUILD_DEPLOY,https://artifactory.tfs.toyota.com/artifactory/easc-maven-prod-local/artifacts/qradar-syslogger-proxy.jar,,AnyPoint,srv_easc_app
FACT0804,EAS1,TFS-MuleAPIs-QuoteServices  ,Not required,Not required,,Mulesoft,https://github.tfs.toyota.com/EAS-Channel-Access-Services/TFS-MuleAPIs-QuoteServices.git,Jar,,Dev,BUILD_DEPLOY,https://artifactory.tfs.toyota.com/artifactory/easc-maven-prod-local/artifacts/quoteservices.jar,,AnyPoint,srv_easc_app
FACT0804,EAS1,TFS-MuleAPIs-RateLookup-proxy  ,Not required,Not required,,Mulesoft,https://github.tfs.toyota.com/EAS-Channel-Access-Services/TFS-MuleAPIs-RateLookup-proxy.git,Jar,,Dev,BUILD_DEPLOY,https://artifactory.tfs.toyota.com/artifactory/easc-maven-prod-local/artifacts/ratelookup-proxy.jar,,AnyPoint,srv_easc_app
FACT0804,EAS1,TFS-MuleAPIs-Residuals-Upload-Services  ,Not required,Not required,,Mulesoft,https://github.tfs.toyota.com/EAS-Channel-Access-Services/TFS-MuleAPIs-Residuals-Upload-Services.git,Jar,,Dev,BUILD_DEPLOY,https://artifactory.tfs.toyota.com/artifactory/easc-maven-prod-local/artifacts/residuals-upload-services.jar,,AnyPoint,srv_easc_app
FACT0804,EAS1,TFS-MuleAPIs-RetailPaymentExtension  ,Not required,Not required,,Mulesoft,https://github.tfs.toyota.com/EAS-Channel-Access-Services/TFS-MuleAPIs-RetailPaymentExtension.git,Jar,,Dev,BUILD_DEPLOY,https://artifactory.tfs.toyota.com/artifactory/easc-maven-prod-local/artifacts/retailpaymentextension.jar,,AnyPoint,srv_easc_app
FACT0804,EAS1,TFS-MuleAPIs-RouteOnePNIServices  ,Not required,Not required,,Mulesoft,https://github.tfs.toyota.com/EAS-Channel-Access-Services/TFS-MuleAPIs-RouteOnePNIServices.git,Jar,,Dev,BUILD_DEPLOY,https://artifactory.tfs.toyota.com/artifactory/easc-maven-prod-local/artifacts/routeonepniservices.jar,,AnyPoint,srv_easc_app
FACT0804,EAS1,TFS-MuleAPIs-RouteOneServices  ,Not required,Not required,,Mulesoft,https://github.tfs.toyota.com/EAS-Channel-Access-Services/TFS-MuleAPIs-RouteOneServices.git,Jar,,Dev,BUILD_DEPLOY,https://artifactory.tfs.toyota.com/artifactory/easc-maven-prod-local/artifacts/routeoneservices.jar,,AnyPoint,srv_easc_app
FACT0804,EAS1,TFS-MuleAPIs-RouteOneWEBServices  ,Not required,Not required,,Mulesoft,https://github.tfs.toyota.com/EAS-Channel-Access-Services/TFS-MuleAPIs-RouteOneWEBServices.git,Jar,,Dev,BUILD_DEPLOY,https://artifactory.tfs.toyota.com/artifactory/easc-maven-prod-local/artifacts/routeonewebservices.jar,,AnyPoint,srv_easc_app
FACT0804,EAS1,TFS-MuleAPIs-RPAServices  ,Not required,Not required,,Mulesoft,https://github.tfs.toyota.com/EAS-Channel-Access-Services/TFS-MuleAPIs-RPAServices.git,Jar,,Dev,BUILD_DEPLOY,https://artifactory.tfs.toyota.com/artifactory/easc-maven-prod-local/artifacts/rpaservices.jar,,AnyPoint,srv_easc_app
FACT0804,EAS1,TFS-MuleAPIs-Rule-Engine-Services  ,Not required,Not required,,Mulesoft,https://github.tfs.toyota.com/EAS-Channel-Access-Services/TFS-MuleAPIs-Rule-Engine-Services.git,Jar,,Dev,BUILD_DEPLOY,https://artifactory.tfs.toyota.com/artifactory/easc-maven-prod-local/artifacts/rule-engine-services.jar,,AnyPoint,srv_easc_app
FACT0804,EAS1,TFS-MuleAPIs-Sagent-Proxy  ,Not required,Not required,,Mulesoft,https://github.tfs.toyota.com/EAS-Channel-Access-Services/TFS-MuleAPIs-Sagent-Proxy.git,Jar,,Dev,BUILD_DEPLOY,https://artifactory.tfs.toyota.com/artifactory/easc-maven-prod-local/artifacts/sagent-proxy.jar,,AnyPoint,srv_easc_app
FACT0804,EAS1,TFS-MuleAPIs-SalesLateChargeWaiver  ,Not required,Not required,,Mulesoft,https://github.tfs.toyota.com/EAS-Channel-Access-Services/TFS-MuleAPIs-SalesLateChargeWaiver.git,Jar,,Dev,BUILD_DEPLOY,https://artifactory.tfs.toyota.com/artifactory/easc-maven-prod-local/artifacts/saleslatechargewaiver.jar,,AnyPoint,srv_easc_app
FACT0804,EAS1,TFS-MuleAPIs-SAP-Ariba-Services  ,Not required,Not required,,Mulesoft,https://github.tfs.toyota.com/EAS-Channel-Access-Services/TFS-MuleAPIs-SAP-Ariba-Services.git,Jar,,Dev,BUILD_DEPLOY,https://artifactory.tfs.toyota.com/artifactory/easc-maven-prod-local/artifacts/sap-ariba-services.jar,,AnyPoint,srv_easc_app
FACT0804,EAS1,TFS-MuleAPIs-SAP_DealerStatement  ,Not required,Not required,,Mulesoft,https://github.tfs.toyota.com/EAS-Channel-Access-Services/TFS-MuleAPIs-SAP_DealerStatement.git,Jar,,Dev,BUILD_DEPLOY,https://artifactory.tfs.toyota.com/artifactory/easc-maven-prod-local/artifacts/sap-dealerstatement.jar,,AnyPoint,srv_easc_app
FACT0804,EAS1,TFS-MuleAPIs-SAP_DealerStatements  ,Not required,Not required,,Mulesoft,https://github.tfs.toyota.com/EAS-Channel-Access-Services/TFS-MuleAPIs-SAP_DealerStatements.git,Jar,,Dev,BUILD_DEPLOY,https://artifactory.tfs.toyota.com/artifactory/easc-maven-prod-local/artifacts/sap-dealerstatements.jar,,AnyPoint,srv_easc_app
FACT0804,EAS1,TFS-MuleAPIs-SAP_HANA-FICO  ,Not required,Not required,,Mulesoft,https://github.tfs.toyota.com/EAS-Channel-Access-Services/TFS-MuleAPIs-SAP_HANA-FICO.git,Jar,,Dev,BUILD_DEPLOY,https://artifactory.tfs.toyota.com/artifactory/easc-maven-prod-local/artifacts/sap-hana-fico.jar,,AnyPoint,srv_easc_app
FACT0804,EAS1,TFS-MuleAPIs-SAP_HANA-FICO-App  ,Not required,Not required,,Mulesoft,https://github.tfs.toyota.com/EAS-Channel-Access-Services/TFS-MuleAPIs-SAP_HANA-FICO-App.git,Jar,,Dev,BUILD_DEPLOY,https://artifactory.tfs.toyota.com/artifactory/easc-maven-prod-local/artifacts/sap-hana-fico-app.jar,,AnyPoint,srv_easc_app
FACT0804,EAS1,TFS-MuleAPIs-Schedule_Payemnts-proxy  ,Not required,Not required,,Mulesoft,https://github.tfs.toyota.com/EAS-Channel-Access-Services/TFS-MuleAPIs-Schedule_Payemnts-proxy.git,Jar,,Dev,BUILD_DEPLOY,https://artifactory.tfs.toyota.com/artifactory/easc-maven-prod-local/artifacts/schedule-payemnts-proxy.jar,,AnyPoint,srv_easc_app
FACT0804,EAS1,TFS-MuleAPIs-SFDC_Taskcreation  ,Not required,Not required,,Mulesoft,https://github.tfs.toyota.com/EAS-Channel-Access-Services/TFS-MuleAPIs-SFDC_Taskcreation.git,Jar,,Dev,BUILD_DEPLOY,https://artifactory.tfs.toyota.com/artifactory/easc-maven-prod-local/artifacts/sfdc-taskcreation.jar,,AnyPoint,srv_easc_app
FACT0804,EAS1,TFS-MuleAPIs-SFDCLookupService  ,Not required,Not required,,Mulesoft,https://github.tfs.toyota.com/EAS-Channel-Access-Services/TFS-MuleAPIs-SFDCLookupService.git,Jar,,Dev,BUILD_DEPLOY,https://artifactory.tfs.toyota.com/artifactory/easc-maven-prod-local/artifacts/sfdclookupservice.jar,,AnyPoint,srv_easc_app
FACT0804,EAS1,TFS-MuleAPIs-SFDCLookupService-Proxy  ,Not required,Not required,,Mulesoft,https://github.tfs.toyota.com/EAS-Channel-Access-Services/TFS-MuleAPIs-SFDCLookupService-Proxy.git,Jar,,Dev,BUILD_DEPLOY,https://artifactory.tfs.toyota.com/artifactory/easc-maven-prod-local/artifacts/sfdclookupservice-proxy.jar,,AnyPoint,srv_easc_app
FACT0804,EAS1,TFS-MuleAPIs-SGI-Services  ,Not required,Not required,,Mulesoft,https://github.tfs.toyota.com/EAS-Channel-Access-Services/TFS-MuleAPIs-SGI-Services.git,Jar,,Dev,BUILD_DEPLOY,https://artifactory.tfs.toyota.com/artifactory/easc-maven-prod-local/artifacts/sgi-services.jar,,AnyPoint,srv_easc_app
FACT0804,EAS1,TFS-MuleAPIs-ShawPaymentExtension  ,Not required,Not required,,Mulesoft,https://github.tfs.toyota.com/EAS-Channel-Access-Services/TFS-MuleAPIs-ShawPaymentExtension.git,Jar,,Dev,BUILD_DEPLOY,https://artifactory.tfs.toyota.com/artifactory/easc-maven-prod-local/artifacts/shawpaymentextension.jar,,AnyPoint,srv_easc_app
FACT0804,EAS1,TFS-MuleAPIs-ShuttleTrackingServices  ,Not required,Not required,,Mulesoft,https://github.tfs.toyota.com/EAS-Channel-Access-Services/TFS-MuleAPIs-ShuttleTrackingServices.git,Jar,,Dev,BUILD_DEPLOY,https://artifactory.tfs.toyota.com/artifactory/easc-maven-prod-local/artifacts/shuttletrackingservices.jar,,AnyPoint,srv_easc_app
FACT0804,EAS1,TFS-MuleAPIs-SI-Idea-Services  ,Not required,Not required,,Mulesoft,https://github.tfs.toyota.com/EAS-Channel-Access-Services/TFS-MuleAPIs-SI-Idea-Services.git,Jar,,Dev,BUILD_DEPLOY,https://artifactory.tfs.toyota.com/artifactory/easc-maven-prod-local/artifacts/si-idea-services.jar,,AnyPoint,srv_easc_app
FACT0804,EAS1,TFS-MuleAPIs-Signal-proxy  ,Not required,Not required,,Mulesoft,https://github.tfs.toyota.com/EAS-Channel-Access-Services/TFS-MuleAPIs-Signal-proxy.git,Jar,,Dev,BUILD_DEPLOY,https://artifactory.tfs.toyota.com/artifactory/easc-maven-prod-local/artifacts/signal-proxy.jar,,AnyPoint,srv_easc_app
FACT0804,EAS1,TFS-MuleAPIs-SM-Auth-Provider  ,Not required,Not required,,Mulesoft,https://github.tfs.toyota.com/EAS-Channel-Access-Services/TFS-MuleAPIs-SM-Auth-Provider.git,Jar,,Dev,BUILD_DEPLOY,https://artifactory.tfs.toyota.com/artifactory/easc-maven-prod-local/artifacts/sm-auth-provider.jar,,AnyPoint,srv_easc_app
FACT0804,EAS1,TFS-MuleAPIs-SOA-AutoTerming  ,Not required,Not required,,Mulesoft,https://github.tfs.toyota.com/EAS-Channel-Access-Services/TFS-MuleAPIs-SOA-AutoTerming.git,Jar,,Dev,BUILD_DEPLOY,https://artifactory.tfs.toyota.com/artifactory/easc-maven-prod-local/artifacts/soa-autoterming.jar,,AnyPoint,srv_easc_app
FACT0804,EAS1,TFS-MuleAPIs-SPARC-SERVICES  ,Not required,Not required,,Mulesoft,https://github.tfs.toyota.com/EAS-Channel-Access-Services/TFS-MuleAPIs-SPARC-SERVICES.git,Jar,,Dev,BUILD_DEPLOY,https://artifactory.tfs.toyota.com/artifactory/easc-maven-prod-local/artifacts/sparc-services.jar,,AnyPoint,srv_easc_app
FACT0804,EAS1,TFS-MuleAPIs-SpareLabs-Services  ,Not required,Not required,,Mulesoft,https://github.tfs.toyota.com/EAS-Channel-Access-Services/TFS-MuleAPIs-SpareLabs-Services.git,Jar,,Dev,BUILD_DEPLOY,https://artifactory.tfs.toyota.com/artifactory/easc-maven-prod-local/artifacts/sparelabs-services.jar,,AnyPoint,srv_easc_app
FACT0804,EAS1,TFS-MuleAPIs-SRM-Lead-Services  ,Not required,Not required,,Mulesoft,https://github.tfs.toyota.com/EAS-Channel-Access-Services/TFS-MuleAPIs-SRM-Lead-Services.git,Jar,,Dev,BUILD_DEPLOY,https://artifactory.tfs.toyota.com/artifactory/easc-maven-prod-local/artifacts/srm-lead-services.jar,,AnyPoint,srv_easc_app
FACT0804,EAS1,TFS-MuleAPIs-StateTransfer  ,Not required,Not required,,Mulesoft,https://github.tfs.toyota.com/EAS-Channel-Access-Services/TFS-MuleAPIs-StateTransfer.git,Jar,,Dev,BUILD_DEPLOY,https://artifactory.tfs.toyota.com/artifactory/easc-maven-prod-local/artifacts/statetransfer.jar,,AnyPoint,srv_easc_app
FACT0804,EAS1,TFS-MuleAPIs-Stoneeagle-InsuranceRates-Services  ,Not required,Not required,,Mulesoft,https://github.tfs.toyota.com/EAS-Channel-Access-Services/TFS-MuleAPIs-Stoneeagle-InsuranceRates-Services.git,Jar,,Dev,BUILD_DEPLOY,https://artifactory.tfs.toyota.com/artifactory/easc-maven-prod-local/artifacts/stoneeagle-insurancerates-services.jar,,AnyPoint,srv_easc_app
FACT0804,EAS1,TFS-MuleAPIs-StoneEagle-Proxy  ,Not required,Not required,,Mulesoft,https://github.tfs.toyota.com/EAS-Channel-Access-Services/TFS-MuleAPIs-StoneEagle-Proxy.git,Jar,,Dev,BUILD_DEPLOY,https://artifactory.tfs.toyota.com/artifactory/easc-maven-prod-local/artifacts/stoneeagle-proxy.jar,,AnyPoint,srv_easc_app
FACT0804,EAS1,TFS-MuleAPIs-STRATUS-Callmenow  ,Not required,Not required,,Mulesoft,https://github.tfs.toyota.com/EAS-Channel-Access-Services/TFS-MuleAPIs-STRATUS-Callmenow.git,Jar,,Dev,BUILD_DEPLOY,https://artifactory.tfs.toyota.com/artifactory/easc-maven-prod-local/artifacts/stratus-callmenow.jar,,AnyPoint,srv_easc_app
FACT0804,EAS1,TFS-MuleAPIs-SupportCenter  ,Not required,Not required,,Mulesoft,https://github.tfs.toyota.com/EAS-Channel-Access-Services/TFS-MuleAPIs-SupportCenter.git,Jar,,Dev,BUILD_DEPLOY,https://artifactory.tfs.toyota.com/artifactory/easc-maven-prod-local/artifacts/supportcenter.jar,,AnyPoint,srv_easc_app
FACT0804,EAS1,TFS-MuleAPIs-System-OAuth-Provider  ,Not required,Not required,,Mulesoft,https://github.tfs.toyota.com/EAS-Channel-Access-Services/TFS-MuleAPIs-System-OAuth-Provider.git,Jar,,Dev,BUILD_DEPLOY,https://artifactory.tfs.toyota.com/artifactory/easc-maven-prod-local/artifacts/system-oauth-provider.jar,,AnyPoint,srv_easc_app
FACT0804,EAS1,TFS-MuleAPIs-TDM-Investors  ,Not required,Not required,,Mulesoft,https://github.tfs.toyota.com/EAS-Channel-Access-Services/TFS-MuleAPIs-TDM-Investors.git,Jar,,Dev,BUILD_DEPLOY,https://artifactory.tfs.toyota.com/artifactory/easc-maven-prod-local/artifacts/tdm-investors.jar,,AnyPoint,srv_easc_app
FACT0804,EAS1,TFS-MuleAPIs-TeamConnect  ,Not required,Not required,,Mulesoft,https://github.tfs.toyota.com/EAS-Channel-Access-Services/TFS-MuleAPIs-TeamConnect.git,Jar,,Dev,BUILD_DEPLOY,https://artifactory.tfs.toyota.com/artifactory/easc-maven-prod-local/artifacts/teamconnect.jar,,AnyPoint,srv_easc_app
FACT0804,EAS1,TFS-MuleAPIs-Tenant-DataFullfillmentservices  ,Not required,Not required,,Mulesoft,https://github.tfs.toyota.com/EAS-Channel-Access-Services/TFS-MuleAPIs-Tenant-DataFullfillmentservices.git,Jar,,Dev,BUILD_DEPLOY,https://artifactory.tfs.toyota.com/artifactory/easc-maven-prod-local/artifacts/tenant-datafullfillmentservices.jar,,AnyPoint,srv_easc_app
FACT0804,EAS1,TFS-MuleAPIs-TenantServicesProxy  ,Not required,Not required,,Mulesoft,https://github.tfs.toyota.com/EAS-Channel-Access-Services/TFS-MuleAPIs-TenantServicesProxy.git,Jar,,Dev,BUILD_DEPLOY,https://artifactory.tfs.toyota.com/artifactory/easc-maven-prod-local/artifacts/tenantservicesproxy.jar,,AnyPoint,srv_easc_app
FACT0804,EAS1,TFS-MuleAPIs-TEST_CICD  ,Not required,Not required,,Mulesoft,https://github.tfs.toyota.com/EAS-Channel-Access-Services/TFS-MuleAPIs-TEST_CICD.git,Jar,,Dev,BUILD_DEPLOY,https://artifactory.tfs.toyota.com/artifactory/easc-maven-prod-local/artifacts/test-cicd.jar,,AnyPoint,srv_easc_app
FACT0804,EAS1,TFS-MuleAPIs-TFS_MFIN  ,Not required,Not required,,Mulesoft,https://github.tfs.toyota.com/EAS-Channel-Access-Services/TFS-MuleAPIs-TFS_MFIN.git,Jar,,Dev,BUILD_DEPLOY,https://artifactory.tfs.toyota.com/artifactory/easc-maven-prod-local/artifacts/tfs-mfin.jar,,AnyPoint,srv_easc_app
FACT0804,EAS1,TFS-MuleAPIs-TFSBank-Services-Proxy  ,Not required,Not required,,Mulesoft,https://github.tfs.toyota.com/EAS-Channel-Access-Services/TFS-MuleAPIs-TFSBank-Services-Proxy.git,Jar,,Dev,BUILD_DEPLOY,https://artifactory.tfs.toyota.com/artifactory/easc-maven-prod-local/artifacts/tfsbank-services-proxy.jar,,AnyPoint,srv_easc_app
FACT0804,EAS1,TFS-MuleAPIs-ThirdPartProxy  ,Not required,Not required,,Mulesoft,https://github.tfs.toyota.com/EAS-Channel-Access-Services/TFS-MuleAPIs-ThirdPartProxy.git,Jar,,Dev,BUILD_DEPLOY,https://artifactory.tfs.toyota.com/artifactory/easc-maven-prod-local/artifacts/thirdpartproxy.jar,,AnyPoint,srv_easc_app
FACT0804,EAS1,TFS-MuleAPIs-TicketingServices  ,Not required,Not required,,Mulesoft,https://github.tfs.toyota.com/EAS-Channel-Access-Services/TFS-MuleAPIs-TicketingServices.git,Jar,,Dev,BUILD_DEPLOY,https://artifactory.tfs.toyota.com/artifactory/easc-maven-prod-local/artifacts/ticketingservices.jar,,AnyPoint,srv_easc_app
FACT0804,EAS1,TFS-MuleAPIs-TIMSQuoteAPI  ,Not required,Not required,,Mulesoft,https://github.tfs.toyota.com/EAS-Channel-Access-Services/TFS-MuleAPIs-TIMSQuoteAPI.git,Jar,,Dev,BUILD_DEPLOY,https://artifactory.tfs.toyota.com/artifactory/easc-maven-prod-local/artifacts/timsquoteapi.jar,,AnyPoint,srv_easc_app
FACT0804,EAS1,TFS-MuleAPIs-TMCC-CustomerDataFullfillment  ,Not required,Not required,,Mulesoft,https://github.tfs.toyota.com/EAS-Channel-Access-Services/TFS-MuleAPIs-TMCC-CustomerDataFullfillment.git,Jar,,Dev,BUILD_DEPLOY,https://artifactory.tfs.toyota.com/artifactory/easc-maven-prod-local/artifacts/tmcc-customerdatafullfillment.jar,,AnyPoint,srv_easc_app
FACT0804,EAS1,TFS-MuleAPIs-TMCC-CustomerDemographicLookup-Proxy  ,Not required,Not required,,Mulesoft,https://github.tfs.toyota.com/EAS-Channel-Access-Services/TFS-MuleAPIs-TMCC-CustomerDemographicLookup-Proxy.git,Jar,,Dev,BUILD_DEPLOY,https://artifactory.tfs.toyota.com/artifactory/easc-maven-prod-local/artifacts/tmcc-customerdemographiclookup-proxy.jar,,AnyPoint,srv_easc_app
FACT0804,EAS1,TFS-MuleAPIs-TMIS-Customer-DemographicLookup  ,Not required,Not required,,Mulesoft,https://github.tfs.toyota.com/EAS-Channel-Access-Services/TFS-MuleAPIs-TMIS-Customer-DemographicLookup.git,Jar,,Dev,BUILD_DEPLOY,https://artifactory.tfs.toyota.com/artifactory/easc-maven-prod-local/artifacts/tmis-customer-demographiclookup.jar,,AnyPoint,srv_easc_app
FACT0804,EAS1,TFS-MuleAPIs-TMNA-Consumer-Login-Services  ,Not required,Not required,,Mulesoft,https://github.tfs.toyota.com/EAS-Channel-Access-Services/TFS-MuleAPIs-TMNA-Consumer-Login-Services.git,Jar,,Dev,BUILD_DEPLOY,https://artifactory.tfs.toyota.com/artifactory/easc-maven-prod-local/artifacts/tmna-consumer-login-services.jar,,AnyPoint,srv_easc_app
FACT0804,EAS1,TFS-MuleAPIs-TMNAFinanceServices  ,Not required,Not required,,Mulesoft,https://github.tfs.toyota.com/EAS-Channel-Access-Services/TFS-MuleAPIs-TMNAFinanceServices.git,Jar,,Dev,BUILD_DEPLOY,https://artifactory.tfs.toyota.com/artifactory/easc-maven-prod-local/artifacts/tmnafinanceservices.jar,,AnyPoint,srv_easc_app
FACT0804,EAS1,TFS-MuleAPIs-TMNATapWorkflowAutomation  ,Not required,Not required,,Mulesoft,https://github.tfs.toyota.com/EAS-Channel-Access-Services/TFS-MuleAPIs-TMNATapWorkflowAutomation.git,Jar,,Dev,BUILD_DEPLOY,https://artifactory.tfs.toyota.com/artifactory/easc-maven-prod-local/artifacts/tmnatapworkflowautomation.jar,,AnyPoint,srv_easc_app
FACT0804,EAS1,TFS-MuleAPIs-ToyotaConnectedServices  ,Not required,Not required,,Mulesoft,https://github.tfs.toyota.com/EAS-Channel-Access-Services/TFS-MuleAPIs-ToyotaConnectedServices.git,Jar,,Dev,BUILD_DEPLOY,https://artifactory.tfs.toyota.com/artifactory/easc-maven-prod-local/artifacts/toyotaconnectedservices.jar,,AnyPoint,srv_easc_app
FACT0804,EAS1,TFS-MuleAPIs-UberServices  ,Not required,Not required,,Mulesoft,https://github.tfs.toyota.com/EAS-Channel-Access-Services/TFS-MuleAPIs-UberServices.git,Jar,,Dev,BUILD_DEPLOY,https://artifactory.tfs.toyota.com/artifactory/easc-maven-prod-local/artifacts/uberservices.jar,,AnyPoint,srv_easc_app
FACT0804,EAS1,TFS-MuleAPIs-UMVM-Vehicle-Attributes  ,Not required,Not required,,Mulesoft,https://github.tfs.toyota.com/EAS-Channel-Access-Services/TFS-MuleAPIs-UMVM-Vehicle-Attributes.git,Jar,,Dev,BUILD_DEPLOY,https://artifactory.tfs.toyota.com/artifactory/easc-maven-prod-local/artifacts/umvm-vehicle-attributes.jar,,AnyPoint,srv_easc_app
FACT0804,EAS1,TFS-MuleAPIs-Universal-Market-Value-Model-Api  ,Not required,Not required,,Mulesoft,https://github.tfs.toyota.com/EAS-Channel-Access-Services/TFS-MuleAPIs-Universal-Market-Value-Model-Api.git,Jar,,Dev,BUILD_DEPLOY,https://artifactory.tfs.toyota.com/artifactory/easc-maven-prod-local/artifacts/universal-market-value-model-api.jar,,AnyPoint,srv_easc_app
FACT0804,EAS1,TFS-MuleAPIs-UploadDocuments  ,Not required,Not required,,Mulesoft,https://github.tfs.toyota.com/EAS-Channel-Access-Services/TFS-MuleAPIs-UploadDocuments.git,Jar,,Dev,BUILD_DEPLOY,https://artifactory.tfs.toyota.com/artifactory/easc-maven-prod-local/artifacts/uploaddocuments.jar,,AnyPoint,srv_easc_app
FACT0804,EAS1,TFS-MuleAPIs-Vehicle-Content-Services  ,Not required,Not required,,Mulesoft,https://github.tfs.toyota.com/EAS-Channel-Access-Services/TFS-MuleAPIs-Vehicle-Content-Services.git,Jar,,Dev,BUILD_DEPLOY,https://artifactory.tfs.toyota.com/artifactory/easc-maven-prod-local/artifacts/vehicle-content-services.jar,,AnyPoint,srv_easc_app
FACT0804,EAS1,TFS-MuleAPIs-Vehicle-Payoff-Lookup-Service  ,Not required,Not required,,Mulesoft,https://github.tfs.toyota.com/EAS-Channel-Access-Services/TFS-MuleAPIs-Vehicle-Payoff-Lookup-Service.git,Jar,,Dev,BUILD_DEPLOY,https://artifactory.tfs.toyota.com/artifactory/easc-maven-prod-local/artifacts/vehicle-payoff-lookup-service.jar,,AnyPoint,srv_easc_app
FACT0804,EAS1,TFS-MuleAPIs-Vehicle-Protection-Services-proxy  ,Not required,Not required,,Mulesoft,https://github.tfs.toyota.com/EAS-Channel-Access-Services/TFS-MuleAPIs-Vehicle-Protection-Services-proxy.git,Jar,,Dev,BUILD_DEPLOY,https://artifactory.tfs.toyota.com/artifactory/easc-maven-prod-local/artifacts/vehicle-protection-services-proxy.jar,,AnyPoint,srv_easc_app
FACT0804,EAS1,TFS-MuleAPIs-VehicleInspection-Services  ,Not required,Not required,,Mulesoft,https://github.tfs.toyota.com/EAS-Channel-Access-Services/TFS-MuleAPIs-VehicleInspection-Services.git,Jar,,Dev,BUILD_DEPLOY,https://artifactory.tfs.toyota.com/artifactory/easc-maven-prod-local/artifacts/vehicleinspection-services.jar,,AnyPoint,srv_easc_app
FACT0804,EAS1,TFS-MuleAPIs-VehicleLeaseDeferralFee  ,Not required,Not required,,Mulesoft,https://github.tfs.toyota.com/EAS-Channel-Access-Services/TFS-MuleAPIs-VehicleLeaseDeferralFee.git,Jar,,Dev,BUILD_DEPLOY,https://artifactory.tfs.toyota.com/artifactory/easc-maven-prod-local/artifacts/vehicleleasedeferralfee.jar,,AnyPoint,srv_easc_app
FACT0804,EAS1,TFS-MuleAPIs-VehicleProtectionPlanPortal  ,Not required,Not required,,Mulesoft,https://github.tfs.toyota.com/EAS-Channel-Access-Services/TFS-MuleAPIs-VehicleProtectionPlanPortal.git,Jar,,Dev,BUILD_DEPLOY,https://artifactory.tfs.toyota.com/artifactory/easc-maven-prod-local/artifacts/vehicleprotectionplanportal.jar,,AnyPoint,srv_easc_app
FACT0804,EAS1,TFS-MuleAPIs-Vertex7Services  ,Not required,Not required,,Mulesoft,https://github.tfs.toyota.com/EAS-Channel-Access-Services/TFS-MuleAPIs-Vertex7Services.git,Jar,,Dev,BUILD_DEPLOY,https://artifactory.tfs.toyota.com/artifactory/easc-maven-prod-local/artifacts/vertex7services.jar,,AnyPoint,srv_easc_app
FACT0804,EAS1,TFS-MuleAPIs-VertexServices  ,Not required,Not required,,Mulesoft,https://github.tfs.toyota.com/EAS-Channel-Access-Services/TFS-MuleAPIs-VertexServices.git,Jar,,Dev,BUILD_DEPLOY,https://artifactory.tfs.toyota.com/artifactory/easc-maven-prod-local/artifacts/vertexservices.jar,,AnyPoint,srv_easc_app
FACT0804,EAS1,TFS-MuleAPIs-VININFO  ,Not required,Not required,,Mulesoft,https://github.tfs.toyota.com/EAS-Channel-Access-Services/TFS-MuleAPIs-VININFO.git,Jar,,Dev,BUILD_DEPLOY,https://artifactory.tfs.toyota.com/artifactory/easc-maven-prod-local/artifacts/vininfo.jar,,AnyPoint,srv_easc_app
FACT0804,EAS1,TFS-MuleAPIs-Web-Login-Services  ,Not required,Not required,,Mulesoft,https://github.tfs.toyota.com/EAS-Channel-Access-Services/TFS-MuleAPIs-Web-Login-Services.git,Jar,,Dev,BUILD_DEPLOY,https://artifactory.tfs.toyota.com/artifactory/easc-maven-prod-local/artifacts/web-login-services.jar,,AnyPoint,srv_easc_app
FACT0804,EAS1,TFS-MuleAPIs-WebAccept  ,Not required,Not required,,Mulesoft,https://github.tfs.toyota.com/EAS-Channel-Access-Services/TFS-MuleAPIs-WebAccept.git,Jar,,Dev,BUILD_DEPLOY,https://artifactory.tfs.toyota.com/artifactory/easc-maven-prod-local/artifacts/webaccept.jar,,AnyPoint,srv_easc_app
FACT0804,EAS1,TFS-MuleAPIs-WebAccept-Proxy  ,Not required,Not required,,Mulesoft,https://github.tfs.toyota.com/EAS-Channel-Access-Services/TFS-MuleAPIs-WebAccept-Proxy.git,Jar,,Dev,BUILD_DEPLOY,https://artifactory.tfs.toyota.com/artifactory/easc-maven-prod-local/artifacts/webaccept-proxy.jar,,AnyPoint,srv_easc_app
FACT0804,EAS1,TFS-MuleAPIs-Wholesale-Employees-UserAggregateAPI  ,Not required,Not required,,Mulesoft,https://github.tfs.toyota.com/EAS-Channel-Access-Services/TFS-MuleAPIs-Wholesale-Employees-UserAggregateAPI.git,Jar,,Dev,BUILD_DEPLOY,https://artifactory.tfs.toyota.com/artifactory/easc-maven-prod-local/artifacts/wholesale-employees-useraggregateapi.jar,,AnyPoint,srv_easc_app
FACT0804,EAS1,TFS-MuleAPIs-WholesaleAmount  ,Not required,Not required,,Mulesoft,https://github.tfs.toyota.com/EAS-Channel-Access-Services/TFS-MuleAPIs-WholesaleAmount.git,Jar,,Dev,BUILD_DEPLOY,https://artifactory.tfs.toyota.com/artifactory/easc-maven-prod-local/artifacts/wholesaleamount.jar,,AnyPoint,srv_easc_app
FACT0804,EAS1,TFS-MuleAPIs-WholesalePayoffBalance  ,Not required,Not required,,Mulesoft,https://github.tfs.toyota.com/EAS-Channel-Access-Services/TFS-MuleAPIs-WholesalePayoffBalance.git,Jar,,Dev,BUILD_DEPLOY,https://artifactory.tfs.toyota.com/artifactory/easc-maven-prod-local/artifacts/wholesalepayoffbalance.jar,,AnyPoint,srv_easc_app
FACT0804,EAS1,TFS-MuleAPIs-WU-PaymentService  ,Not required,Not required,,Mulesoft,https://github.tfs.toyota.com/EAS-Channel-Access-Services/TFS-MuleAPIs-WU-PaymentService.git,Jar,,Dev,BUILD_DEPLOY,https://artifactory.tfs.toyota.com/artifactory/easc-maven-prod-local/artifacts/wu-paymentservice.jar,,AnyPoint,srv_easc_app
FACT0804,EAS1,TFS-MuleAPIs-WU-PaymentServices-proxy  ,Not required,Not required,,Mulesoft,https://github.tfs.toyota.com/EAS-Channel-Access-Services/TFS-MuleAPIs-WU-PaymentServices-proxy.git,Jar,,Dev,BUILD_DEPLOY,https://artifactory.tfs.toyota.com/artifactory/easc-maven-prod-local/artifacts/wu-paymentservices-proxy.jar,,AnyPoint,srv_easc_app
FACT0804,EAS1,TFS-MuleAPIs-XREF-Services  ,Not required,Not required,,Mulesoft,https://github.tfs.toyota.com/EAS-Channel-Access-Services/TFS-MuleAPIs-XREF-Services.git,Jar,,Dev,BUILD_DEPLOY,https://artifactory.tfs.toyota.com/artifactory/easc-maven-prod-local/artifacts/xref-services.jar,,AnyPoint,srv_easc_app
FACT0804,EAS1,TFS-MuleAPIs-XREFBooking-Services  ,Not required,Not required,,Mulesoft,https://github.tfs.toyota.com/EAS-Channel-Access-Services/TFS-MuleAPIs-XREFBooking-Services.git,Jar,,Dev,BUILD_DEPLOY,https://artifactory.tfs.toyota.com/artifactory/easc-maven-prod-local/artifacts/xrefbooking-services.jar,,AnyPoint,srv_easc_app
FACT0804,EAS1,TFS-MuleAPIs-ZdiscoveryLegalHoldsManagement  ,Not required,Not required,,Mulesoft,https://github.tfs.toyota.com/EAS-Channel-Access-Services/TFS-MuleAPIs-ZdiscoveryLegalHoldsManagement.git,Jar,,Dev,BUILD_DEPLOY,https://artifactory.tfs.toyota.com/artifactory/easc-maven-prod-local/artifacts/zdiscoverylegalholdsmanagement.jar,,AnyPoint,srv_easc_app
FACT0804,EAS1,TFS-MuleAPIs-Zodiac-Case-Manager  ,Not required,Not required,,Mulesoft,https://github.tfs.toyota.com/EAS-Channel-Access-Services/TFS-MuleAPIs-Zodiac-Case-Manager.git,Jar,,Dev,BUILD_DEPLOY,https://artifactory.tfs.toyota.com/artifactory/easc-maven-prod-local/artifacts/zodiac-case-manager.jar,,AnyPoint,srv_easc_app
FACT0804,EAS1,TFS-MuleAPIs-ZosLateChargeWaiverProxy  ,Not required,Not required,,Mulesoft,https://github.tfs.toyota.com/EAS-Channel-Access-Services/TFS-MuleAPIs-ZosLateChargeWaiverProxy.git,Jar,,Dev,BUILD_DEPLOY,https://artifactory.tfs.toyota.com/artifactory/easc-maven-prod-local/artifacts/zoslatechargewaiverproxy.jar,,AnyPoint,srv_easc_app
FACT0804,EAS1,TFS-MuleAPIs-ZuoraServices  ,Not required,Not required,,Mulesoft,https://github.tfs.toyota.com/EAS-Channel-Access-Services/TFS-MuleAPIs-ZuoraServices.git,Jar,,Dev,BUILD_DEPLOY,https://artifactory.tfs.toyota.com/artifactory/easc-maven-prod-local/artifacts/zuoraservices.jar,,AnyPoint,srv_easc_app
FACT0804,EAS1,TFS_Mule_APIs_Workday-Services  ,Not required,Not required,,Mulesoft,https://github.tfs.toyota.com/EAS-Channel-Access-Services/TFS_Mule_APIs_Workday-Services.git,Jar,,Dev,BUILD_DEPLOY,https://artifactory.tfs.toyota.com/artifactory/easc-maven-prod-local/artifacts/workday-services.jar,,AnyPoint,srv_easc_app
FACT0804,EAS1,TFS_MuleAPIs_Master-Data-Services  ,Not required,Not required,,Mulesoft,https://github.tfs.toyota.com/EAS-Channel-Access-Services/TFS_MuleAPIs_Master-Data-Services.git,Jar,,Dev,BUILD_DEPLOY,https://artifactory.tfs.toyota.com/artifactory/easc-maven-prod-local/artifacts/master-data-services.jar,,AnyPoint,srv_easc_app
FACT0804,EAS1,TFS_MuleAPIs_ODS_PaymentTransactions-proxy  ,Not required,Not required,,Mulesoft,https://github.tfs.toyota.com/EAS-Channel-Access-Services/TFS_MuleAPIs_ODS_PaymentTransactions-proxy.git,Jar,,Dev,BUILD_DEPLOY,https://artifactory.tfs.toyota.com/artifactory/easc-maven-prod-local/artifacts/ods-paymenttransactions-proxy.jar,,AnyPoint,srv_easc_app
FACT0804,EAS1,TFSMuleAPIs-Customer-FinanceServices-1-Prxy  ,Not required,Not required,,Mulesoft,https://github.tfs.toyota.com/EAS-Channel-Access-Services/TFSMuleAPIs-Customer-FinanceServices-1-Prxy.git,Jar,,Dev,BUILD_DEPLOY,https://artifactory.tfs.toyota.com/artifactory/easc-maven-prod-local/artifacts/financeservices-1-prxy.jar,,AnyPoint,srv_easc_app
